name.firstName,name.lastName,age,address.line1,address.line2,address.city,address.state,gender,bloodGroup
Courtney,Griffin,25,9958 Ashley Union,Suite 206,South Kimberlyhaven,South Dakota,Other,O+
Joseph,Barnes,46,2969 Warren Green,Suite 772,Floresmouth,Ohio,Male,A-
Danielle,Jenkins,35,1389 Noble Camp,Suite 697,West Tanya,Texas,Other,O+
Veronica,Day,35,89252 Angela Park,Apt. 170,West Erica,Alabama,Other,AB-
Kristi,Howard,43,4562 Patel Light,Suite 474,Jamesview,Connecticut,Other,A+
Bethany,Harris,16,9968 Gay Fall,Apt. 297,Carolhaven,New Hampshire,Male,AB-
Douglas,Hansen,34,4792 Jacob Estates,Apt. 760,Lake Sheilaborough,Wisconsin,Male,AB-
Robert,Carr,58,2286 Juan Mountain,Apt. 820,Lake Annaton,Indiana,Female,B-
Jonathan,Ross,42,8952 Nathan Branch,Apt. 573,Christopherfort,Kansas,Male,B-
Sharon,Schmidt,77,228 Mark Parkway,Apt. 405,Jacksonhaven,Louisiana,Female,B-
David,Garcia,40,76465 Nicole Flats,Apt. 219,Petersenside,Michigan,Male,O-
Jessica,Terrell,37,928 Phillips Stravenue,Apt. 711,South Heather,Oklahoma,Other,O-
Pamela,Brooks,36,4198 Jones Meadows,Apt. 611,Lake Caitlinmouth,Colorado,Male,O+
Cody,Anderson,35,175 Veronica Square,Apt. 631,Port Daniel,Colorado,Male,AB-
Dustin,Phillips,26,2146 Burns Stravenue,Apt. 295,Kristenview,Nebraska,Other,O-
Larry,Smith,32,62834 Reynolds Green,Suite 825,Anntown,Arkansas,Male,A+
Heather,Fuller,19,8849 Martin Court,Suite 491,Lake Leslie,Vermont,Female,O+
Melinda,Wilkins,80,646 Thomas Village,Apt. 906,Snydermouth,Oklahoma,Other,AB+
John,Gonzales,54,07157 Neal Walk,Suite 184,Jenniferburgh,Florida,Male,A+
Nathan,Malone,52,3318 Powell Corner,Apt. 794,Jillville,Kansas,Female,AB+
Christopher,Taylor,23,08319 Michael Tunnel,Suite 658,Tylerborough,Wisconsin,Female,AB+
Derek,Sanchez,22,198 Michael Passage,Suite 852,Elizabethbury,New York,Other,AB+
Robert,Roberts,19,0698 Moore Points,Apt. 735,Lake Gabriel,Missouri,Other,AB+
Derek,Walker,68,4496 Andrew Squares,Suite 324,Lake Davidland,Indiana,Male,O-
David,Bryan,30,006 James Creek,Apt. 154,West Lisa,Vermont,Other,AB-
Sherry,Green,48,6818 Jessica Expressway,Apt. 106,North Timothy,Arkansas,Other,AB+
Anna,Gonzalez,15,078 Brenda Orchard,Suite 961,Brookeville,Maryland,Female,A+
Troy,Horton,21,75267 Robinson Circles,Suite 352,Butlerside,Mississippi,Female,AB-
Laura,Baker,77,59933 Angelica Roads,Suite 729,New Thomastown,New York,Male,A+
David,Wilson,48,7822 Jordan Flats,Apt. 373,West Jacob,Wyoming,Other,B+
Richard,Turner,31,983 Robert Stream,Suite 458,Thompsonview,New York,Female,AB+
Joseph,Lambert,50,9704 Holly Trafficway,Suite 664,Sarahhaven,Michigan,Male,B-
Julia,Clarke,23,29572 Mark Divide,Apt. 000,Yangmouth,Hawaii,Other,O-
Anthony,Miller,16,414 Harper Stream,Apt. 360,Aliciastad,Colorado,Male,B+
Michael,Stephens,71,0419 Larsen Ridge,Suite 227,East Danielside,Kansas,Male,A-
Brandon,Higgins,75,95892 Bates Prairie,Apt. 603,Port Michael,Mississippi,Other,AB-
Shelby,Griffin,63,679 Matthews Locks,Apt. 023,Katelynview,Texas,Other,A+
Douglas,Bautista,62,57143 David Pines,Suite 566,Lake Caroline,Maryland,Other,B-
David,Reed,25,58048 Smith Way,Suite 113,Michealton,California,Male,A-
Kristi,Carpenter,22,621 Monica Rapids,Suite 764,Lake Valerie,Indiana,Male,A-
Gerald,Hall,64,377 Hart Land,Apt. 311,Courtneychester,Iowa,Other,B+
Barbara,Poole,12,83054 Cooley Crossroad,Apt. 535,East Tina,Oregon,Male,B+
Cassandra,Richardson,69,80951 Hodges Harbor,Apt. 201,North Ronald,Alaska,Female,AB-
Steven,Adams,56,603 Hoover Route,Suite 802,Seanberg,Vermont,Other,AB-
Michelle,Hardy,17,1177 Clinton Divide,Apt. 402,Johnsonview,South Dakota,Female,B-
Sharon,Carney,65,65343 Dalton Divide,Apt. 017,Port Laurenberg,Colorado,Male,B+
Laura,Bond,55,74063 Lewis Green,Apt. 565,Kennethfort,Louisiana,Male,A-
Bonnie,Buck,63,0345 Nelson Plain,Apt. 956,Port Lori,Alaska,Male,AB+
Danielle,Leblanc,77,58508 Lewis Corner,Apt. 665,Levinemouth,Utah,Male,A+
Amy,Flores,34,3383 Carrillo Trail,Suite 405,East Linda,Hawaii,Male,O+
Jeffrey,Hall,42,50058 Kelly Points,Apt. 953,Port Brittany,Kentucky,Female,O-
Matthew,Hull,80,4064 Natalie Cliff,Apt. 288,Port Jennifer,Delaware,Female,A-
Juan,Wallace,30,071 Galvan Track,Suite 211,Adamport,New Hampshire,Female,A+
Anthony,Rose,24,92721 Tiffany Haven,Suite 349,Lake Jacqueline,Kansas,Male,O+
Vincent,Powers,77,8871 Derek Forges,Apt. 634,Williammouth,Georgia,Other,B-
Maria,Mckay,62,892 Lee Route,Apt. 749,South Ronaldberg,Delaware,Male,B+
Courtney,Bradley,49,65872 Taylor Field,Apt. 849,Lake Joshua,Maryland,Male,AB+
Angel,Walker,64,61252 Houston Isle,Suite 289,Port Stephanie,Maine,Female,AB+
Rachel,Nelson,22,40462 James Courts,Suite 549,West Scott,Tennessee,Other,AB+
Jessica,Lopez,38,15818 Scott Mall,Apt. 785,Olsenville,Virginia,Male,O-
Troy,Allen,22,793 Brian Pine,Apt. 610,Waynebury,Connecticut,Other,A+
Terri,Reyes,80,53926 Julia Mount,Apt. 706,Lake Evelyn,North Carolina,Female,B-
John,Collins,54,0931 Jackson Point,Apt. 438,New William,Alabama,Female,A+
David,West,53,36235 Moss Key,Apt. 843,Andrewtown,South Dakota,Other,A-
Sandra,White,57,209 Jimmy Lights,Suite 225,Lake Vanessa,Georgia,Female,O-
Edward,Lewis,14,14622 Andrew Mountain,Suite 373,Port Peterland,Utah,Female,AB-
Heather,King,71,09797 Jonathan Park,Apt. 799,North Virginia,Maryland,Other,AB+
Melissa,Douglas,26,57264 Gina Street,Apt. 574,Davidshire,Virginia,Other,AB+
Brianna,Daniels,34,549 Samantha Glen,Suite 596,Port William,New Jersey,Male,AB-
David,Jones,76,33885 Adrian Curve,Apt. 586,East Jeremiah,Virginia,Male,O-
Brian,Sexton,80,6211 Rhonda Pines,Apt. 079,New Debbie,Indiana,Male,A-
Nancy,Cooley,57,1528 Timothy Circles,Apt. 398,Alvaradoview,New York,Other,AB-
Mary,Daniels,79,5079 Debbie Harbors,Apt. 100,Rodriguezton,Georgia,Male,B+
Christian,Edwards,43,7691 Rachel Way,Suite 669,Harrisberg,Georgia,Female,B+
Eric,Santiago,59,8234 Travis Manor,Suite 849,Stewarttown,Rhode Island,Male,B-
Jeffrey,Richardson,15,792 Dennis Circles,Apt. 618,Gomezberg,Maine,Female,O-
Henry,Moore,42,589 Mark Ranch,Apt. 594,Wiseberg,Oklahoma,Male,AB+
Lisa,Reeves,58,66332 Evans Ports,Apt. 502,Port Ivan,Wyoming,Female,A+
Debra,Silva,58,520 Martinez Parkways,Apt. 868,Donnaport,Florida,Other,AB-
Mackenzie,Gonzales,29,437 Horn Gateway,Apt. 618,West Daniel,North Dakota,Other,AB-
Michael,Alexander,44,7785 Matthew Village,Apt. 325,Nicholastown,Wisconsin,Male,B-
Amanda,Bates,25,2340 Young Gardens,Apt. 421,Ebonymouth,Georgia,Other,AB+
Susan,Smith,40,28250 Mason Passage,Suite 454,Andreaburgh,Georgia,Female,B-
John,Padilla,47,1285 Mccoy Ports,Apt. 912,Edwardview,Pennsylvania,Male,AB+
Chad,Johnson,28,49674 David Flats,Apt. 260,West Johnburgh,Arkansas,Other,A-
Thomas,Fischer,76,603 Bailey Ramp,Apt. 937,Patriciahaven,Wyoming,Female,O+
Faith,Butler,73,53778 Dean Ridge,Suite 371,Sarahfort,South Dakota,Female,A-
Sara,Duarte,21,115 Kimberly Plaza,Apt. 508,Rebeccachester,New Hampshire,Female,AB+
Lisa,Meyer,40,799 Daniel Fork,Suite 454,Port Craig,Missouri,Female,B+
Nathaniel,Johnson,50,8936 Hernandez Pines,Apt. 548,North Joemouth,Minnesota,Other,O-
Jennifer,Lowe,51,1454 Jimenez Ports,Apt. 053,Saundersfurt,Alabama,Male,A+
Gloria,Mcgee,41,37712 Smith Via,Suite 061,Vanessamouth,Alabama,Other,AB+
Jason,Meza,74,5300 Joseph Court,Apt. 888,South Bethtown,New Jersey,Female,O+
Anthony,Martinez,14,76071 Carolyn Summit,Suite 906,East Alan,Rhode Island,Other,A+
Amy,David,42,8344 Allen Fords,Apt. 679,Whitechester,Florida,Male,A-
Chelsea,Shaw,27,437 Day Forks,Suite 657,New Rhondabury,Alaska,Other,A-
James,Parker,61,0194 Kyle Square,Apt. 251,Oconnorberg,North Dakota,Female,B+
Bobby,Garcia,69,012 Rosario Ports,Suite 420,West Nathaniel,Wisconsin,Other,AB+
Christopher,Stark,63,10047 David Wells,Apt. 190,North Stephanie,Kansas,Male,B+
Jose,Brown,46,7261 Deborah Streets,Suite 273,Smalltown,Maryland,Other,B+
Amber,Schultz,76,070 Kelly Heights,Suite 300,North Molly,North Dakota,Male,B-
Deborah,Jackson,22,845 Nielsen Isle,Suite 649,Port James,Illinois,Male,B+
Claudia,Singleton,28,8932 Alison Harbors,Suite 756,Port Kyle,Massachusetts,Male,B-
Kenneth,Harris,60,2755 Nathaniel Dale,Apt. 852,Patelmouth,New Mexico,Male,A-
Thomas,David,39,8585 Allen Circle,Apt. 083,South Alexandratown,North Dakota,Other,A+
Kristen,Cox,32,635 Jordan Branch,Apt. 275,West Lindsayland,Maryland,Female,AB+
Joseph,Hull,23,41451 Dana Rest,Suite 544,Rothland,Michigan,Other,O-
Jason,Maxwell,15,595 James Neck,Suite 887,Vargasville,Montana,Male,AB+
Lee,Gibson,25,808 Justin Curve,Apt. 418,Fernandezborough,Kansas,Male,O-
Jill,Mccoy,12,198 Renee Pass,Apt. 316,Wandaland,Oklahoma,Other,O+
Kyle,Cruz,38,58539 Murphy Prairie,Suite 430,Port Patrickville,Nebraska,Male,AB-
Matthew,Jackson,41,193 Chambers Pass,Suite 705,Billyville,Washington,Female,O-
Michael,Hughes,19,967 Lewis Station,Suite 908,East Adammouth,West Virginia,Male,A+
Carrie,Miller,70,57202 Vincent Springs,Apt. 309,Laurafurt,North Dakota,Other,A-
Ryan,Smith,58,9703 Perkins Unions,Suite 978,East Jonathanmouth,Nevada,Male,O+
Shelley,Gross,58,3282 Reed Manor,Suite 207,West Kelseyburgh,South Carolina,Male,AB+
Theodore,Anderson,28,566 Adam Ville,Suite 205,Josephland,Missouri,Female,AB+
Christopher,Knight,65,870 Sarah Island,Apt. 892,Josephbury,New Jersey,Other,AB+
Tonya,Gregory,62,7911 Estrada Harbors,Suite 136,East Frank,Arizona,Female,AB-
Jocelyn,Charles,18,932 Angela Divide,Suite 152,West Davidchester,Georgia,Other,A-
Donna,Martin,79,6556 Lucas Field,Suite 047,Acostatown,Montana,Female,B+
Linda,Douglas,76,8500 Dylan Shores,Apt. 459,Romanville,Indiana,Other,O+
Amy,George,45,809 Rivera Ways,Apt. 219,Hickshaven,Pennsylvania,Male,B+
David,Cook,34,70872 Solis Lodge,Apt. 422,Port Marissaton,Missouri,Other,AB+
Sandra,Collins,45,7445 Savannah Mill,Suite 018,Lisamouth,Connecticut,Female,A-
Ashley,Burgess,62,563 Woods Run,Suite 056,North Kevinhaven,Oregon,Female,AB+
Janet,Smith,22,5698 Porter Pike,Suite 998,New Edwin,Wisconsin,Other,O-
Robert,Turner,68,722 Allen Common,Suite 522,South Baileyfort,Florida,Other,B-
Cory,Calderon,26,80011 Thomas Wells,Apt. 093,Port Nathan,Ohio,Male,AB-
Joe,Taylor,24,98985 Humphrey Via,Apt. 960,Lake Christopher,Massachusetts,Other,O+
Charles,Carter,75,6793 David Courts,Suite 247,Port Seanfort,California,Female,AB+
Sabrina,Garcia,75,1934 Roberson Trail,Apt. 225,West Markchester,West Virginia,Female,O-
William,Clark,25,0031 David Flat,Suite 683,South Caitlin,Washington,Other,O-
Carrie,Sanders,45,684 Lee Summit,Suite 966,Frankchester,Tennessee,Other,AB+
Sean,White,24,025 Lopez Mills,Apt. 025,Kylebury,Connecticut,Female,AB+
Aaron,May,27,1537 Brown Knolls,Apt. 905,West Hannahshire,Florida,Male,AB-
Laura,Collins,42,768 Johnson Fort,Apt. 767,South Kathleen,Arizona,Male,O-
Daniel,Oconnor,25,8003 Hernandez Plains,Suite 902,Brandonview,Arkansas,Other,AB+
Christina,Turner,72,972 Barber Island,Apt. 414,East Nicole,Wisconsin,Other,AB+
Ann,Thompson,64,782 Jessica Neck,Suite 061,West Lanceborough,Georgia,Female,B+
Erin,Smith,48,163 Brandon Creek,Suite 693,Adamsland,Ohio,Female,AB-
Theodore,Wilson,42,5291 Montoya Knoll,Suite 430,Collinsview,Utah,Female,AB-
William,Robinson,10,9130 Cummings Turnpike,Suite 662,West Thomaschester,California,Female,AB+
Krista,Myers,65,443 Jeffrey Freeway,Suite 733,North Elizabeth,Connecticut,Male,B-
Ann,Warren,20,299 Taylor Burgs,Suite 931,Johnsonport,Arizona,Other,B-
April,Nixon,35,203 Ashley Plain,Suite 875,Mitchellfort,Delaware,Other,AB+
Anita,Ryan,71,486 Henry Heights,Suite 497,Crystalburgh,Illinois,Other,A+
Eric,Williams,23,10106 Taylor Lodge,Suite 421,Frankshire,Alabama,Female,O-
Frank,Miller,60,79599 Steven Ville,Apt. 467,Fisherchester,Virginia,Other,B-
Luis,Johnson,41,5383 Michael Court,Suite 436,Rebeccamouth,Oregon,Other,B+
Kim,Harris,21,41895 Bond Mountains,Apt. 024,Dennisfurt,Hawaii,Male,AB-
Vanessa,Murphy,26,9315 Laurie Rue,Suite 283,Ayalaside,Delaware,Female,O-
Dan,Casey,13,904 Brian Common,Apt. 443,Christopherburgh,Tennessee,Female,AB+
Pamela,Roach,39,554 Bonnie Way,Suite 064,Charlesside,New Jersey,Female,B+
Joshua,Walker,80,0653 Robert Mill,Suite 769,Smithmouth,Montana,Female,O-
Sherri,Garcia,11,96310 Ramirez Crescent,Apt. 166,Annborough,Nebraska,Other,B-
Dave,Blankenship,42,10008 Lisa Walk,Apt. 623,Larryview,Massachusetts,Female,A+
Joseph,Santos,13,4570 Donaldson Skyway,Suite 695,North Richard,Minnesota,Other,A-
Daniel,Wyatt,51,0305 Valerie Gateway,Suite 199,Lake Jasonstad,South Dakota,Male,B-
Elizabeth,Wilson,52,2007 Hale Wells,Apt. 391,Daleview,Michigan,Male,A-
Brian,Pena,53,4492 Shepard Hills,Apt. 747,Stuartside,Alaska,Male,A-
Kimberly,Williams,80,77063 Keith Ridge,Suite 269,Stephenfort,Oregon,Other,O-
Jason,White,11,514 William Brook,Apt. 968,Torresshire,Arizona,Male,A-
Donald,Kelly,44,19782 James Square,Apt. 728,Moralesbury,Florida,Female,AB+
Alicia,Sanchez,40,23670 Michael Junctions,Suite 824,Elizabethmouth,Idaho,Male,AB+
Bryan,Rios,28,70962 Goodwin Village,Suite 509,Pricebury,Pennsylvania,Other,AB-
Steven,Bowers,58,6276 Lawson Shores,Suite 020,North Scottfort,Kentucky,Male,A+
Jeremy,Little,42,6101 Brown Estates,Suite 453,Lawrenceville,Nevada,Male,AB+
Rachel,Allen,47,84808 Taylor Stravenue,Apt. 653,Port Stevenport,Colorado,Male,AB-
Eric,Young,60,4164 Williams Union,Apt. 286,Lake Richardbury,Minnesota,Male,O-
Brian,Mcgrath,21,185 Williams Plains,Apt. 167,Fieldsside,South Dakota,Male,O-
Eric,Roach,22,94322 Trujillo Glens,Apt. 149,Hancockville,South Carolina,Male,A-
James,Burns,22,658 Brett Crossroad,Apt. 966,Port Jamesmouth,Virginia,Female,B-
Dana,Smith,65,02577 Soto Landing,Suite 094,East Jeffreyfort,New Jersey,Female,O-
Megan,Lopez,21,3272 Rogers Isle,Apt. 833,New Jason,South Carolina,Male,O+
Carl,Walton,36,239 Johnson Fort,Apt. 503,Teresamouth,New Mexico,Male,O+
Chelsey,Brown,58,24111 Cox Stream,Apt. 863,Reginaldville,Maine,Female,AB-
Matthew,Page,64,82685 Terry Throughway,Suite 206,Port Kevin,Colorado,Male,O-
Ashley,Garcia,16,75406 Andrade Route,Suite 291,Port Rebeccaland,West Virginia,Male,B-
Nicholas,Lamb,75,979 Brown Harbor,Suite 629,Evanfort,Illinois,Other,O-
Patrick,Rice,68,518 Rhodes Trail,Suite 509,Elizabethton,Iowa,Male,AB+
Nicole,Davis,40,533 Cobb Gardens,Suite 056,Perezchester,Georgia,Male,B-
Angela,Nelson,34,56834 Tina Extensions,Apt. 102,Nicholasview,New Jersey,Other,O+
Daniel,Reeves,10,137 David Fall,Apt. 136,New Gabrielleberg,Kansas,Male,O-
Eric,Wolf,52,522 Hinton Run,Suite 964,Lake Evanfort,North Carolina,Other,A-
Jacqueline,Stephenson,11,868 David Underpass,Apt. 516,North Michaelland,Massachusetts,Female,A+
Angel,Hayes,78,2203 Holt Roads,Apt. 161,West Kyle,Alabama,Male,A-
Thomas,Holmes,49,4140 Gina Green,Suite 411,Kennedyshire,Oklahoma,Female,AB-
Jonathan,Harris,35,706 Wheeler Spurs,Apt. 424,Palmerville,Maryland,Other,AB-
George,Diaz,23,3607 Rodriguez Drives,Suite 950,Port Tracyview,West Virginia,Male,AB+
Clinton,Morrow,10,62394 Davis Fork,Apt. 232,Hayesview,South Dakota,Other,A+
Stephanie,Decker,50,796 Hill Plains,Suite 050,Port Bradleyville,Maryland,Other,O-
Jessica,Allen,53,711 Jennifer Expressway,Suite 580,Hawkinsmouth,North Carolina,Female,B-
Megan,Smith,38,6477 George Isle,Apt. 430,New Kayla,Florida,Male,O-
Denise,Mosley,45,664 Larry Plain,Suite 063,East Connieborough,South Dakota,Other,AB-
James,Mejia,54,479 William Glen,Apt. 329,South Sherri,Oklahoma,Female,O+
Leonard,Zuniga,41,750 Kristin Gardens,Apt. 682,Port Joanneborough,Nevada,Other,B-
Robert,Harvey,37,38431 Shannon Trace,Suite 129,Pacetown,North Carolina,Male,O-
Steven,Rush,23,36966 William Rapid,Apt. 110,North Alecside,Oklahoma,Male,B-
Randy,Gilbert,31,9479 Hall Unions,Apt. 645,Port Dianeview,Mississippi,Other,A+
Ronald,Thompson,39,20895 Joshua Cliff,Apt. 590,Ginamouth,Tennessee,Other,AB+
Brooke,Copeland,42,31625 Alexander River,Suite 239,East Victorialand,Montana,Male,A-
Robert,Brown,32,450 Allen Locks,Suite 446,New Heidi,Alabama,Other,B+
Timothy,Clarke,63,022 Debra Mall,Suite 109,South Danielbury,Louisiana,Female,AB-
Mary,Hernandez,74,9208 York Junction,Suite 495,New Deborahberg,Alaska,Male,O-
Don,Griffin,29,692 Anthony Dale,Suite 892,South Katelyn,Vermont,Other,AB+
Keith,Duncan,58,657 Nicholas Curve,Apt. 591,West Robertview,New York,Female,O-
Jacob,Hess,37,70475 Susan Curve,Apt. 521,South Kayla,Colorado,Female,O+
William,Hickman,22,894 Vincent River,Suite 083,Sherrytown,Mississippi,Male,AB+
Eric,Fritz,38,50727 Kevin Harbor,Apt. 313,East Ericburgh,Colorado,Female,O-
Patrick,Garcia,77,343 Alex Spring,Apt. 715,Cherylport,Delaware,Male,O-
Alicia,Simpson,16,17758 Robert Course,Apt. 028,Tammyview,West Virginia,Other,O+
Alexandra,Jenkins,24,16983 Thompson Gardens,Suite 303,Michaelburgh,Ohio,Other,A+
Joshua,Fernandez,17,76101 Madison Keys,Suite 829,West Jasonmouth,Alabama,Male,O+
Audrey,Carter,66,78161 Johnny Key,Apt. 891,Morganborough,Arkansas,Female,AB+
Elizabeth,Santos,15,4288 Patterson Villages,Suite 487,Port Angela,Colorado,Female,AB-
Samuel,Cox,20,839 Good Divide,Apt. 452,Silvabury,Ohio,Male,O-
James,Sanders,75,832 Castaneda Route,Suite 309,Smithland,Hawaii,Male,AB+
Noah,Perkins,37,54641 April Islands,Apt. 560,New Alexanderberg,Virginia,Other,B+
Jerry,Cervantes,44,1462 Jacob Trail,Suite 686,Lake Megan,Maryland,Male,B+
Donna,Bolton,77,450 Hodges Ridges,Suite 189,Adriennemouth,Maine,Other,AB-
Natalie,Hebert,72,2113 Barber Valley,Apt. 372,New Kimview,South Carolina,Female,O+
Stephen,Lewis,33,2127 Travis Track,Suite 840,Stevenborough,Maine,Other,O-
Casey,Bryan,51,986 Paul Lodge,Suite 050,North Larry,Wyoming,Female,O+
Jessica,Jones,44,74838 Williams Orchard,Apt. 815,New Johntown,Idaho,Other,O+
Walter,Sanchez,69,302 Davis Mall,Suite 475,Port Chad,North Carolina,Female,A-
David,Campos,33,5116 Karen Groves,Apt. 351,Jamesberg,Maine,Other,AB-
Tracy,Lee,16,52840 Allison Manors,Apt. 909,Lake Erin,Georgia,Male,A+
Leslie,Bond,40,711 Samuel Meadows,Suite 198,West Williamborough,Nevada,Male,B-
Charles,Johnson,21,1396 Gary Mission,Apt. 691,Reginabury,Illinois,Male,O-
Matthew,Klein,78,18580 Devin Crest,Suite 231,Lake Tylerchester,Michigan,Female,A-
Katherine,Navarro,72,7568 Maria Views,Apt. 947,Port Jordan,Wisconsin,Male,B+
Kevin,Clarke,18,22972 Kyle Square,Apt. 372,Jamesstad,Oregon,Other,O-
Jason,Hurst,20,74839 Robert Summit,Suite 405,Reginatown,Pennsylvania,Other,B+
Paula,Robinson,20,4833 Benjamin Expressway,Apt. 809,Jamesburgh,Iowa,Female,AB+
Kenneth,Moore,21,83964 Cheyenne Mission,Apt. 180,Gilbertfort,Alaska,Female,B+
David,Murray,77,241 Kyle Valleys,Apt. 514,North Heather,Minnesota,Male,A+
Joseph,Johnson,79,1674 Morrison Road,Apt. 217,Rogerchester,North Dakota,Male,O-
Brenda,Elliott,35,6147 Monica Row,Suite 031,New Jamestown,Kansas,Female,AB-
Robert,Knox,34,6902 Hernandez Flat,Suite 351,South Kelsey,Arizona,Other,O+
Phillip,Morales,79,8270 Flowers Stravenue,Suite 491,West Rhonda,Mississippi,Other,B-
Jaime,Jones,38,3509 Mariah Forges,Apt. 340,Port Staceybury,Nebraska,Male,A+
Richard,Walker,49,5704 Moore Camp,Suite 783,Leonardport,Mississippi,Other,B-
Robin,Stevens,15,66012 Cross Avenue,Apt. 878,Sheilaside,California,Male,O+
Betty,Delgado,56,16795 Catherine Court,Apt. 896,Adamville,Massachusetts,Female,AB-
Daniel,Baxter,77,466 Lopez Burgs,Apt. 841,Richardhaven,Virginia,Other,B+
April,Ross,63,474 Li Mills,Apt. 726,East Michelefort,Colorado,Male,O-
Katie,Thomas,60,50539 Edward Port,Suite 413,Port Michaelland,Mississippi,Male,B-
Emily,Moreno,25,733 Nguyen Isle,Suite 521,Christopherborough,Texas,Male,O-
Debra,Curtis,37,6136 Bobby Port,Suite 689,North Jeffery,Kansas,Male,O-
Jennifer,Castro,61,090 Reed Roads,Suite 840,Bradbury,Rhode Island,Female,AB-
Christine,Lewis,21,82763 Dalton Skyway,Apt. 028,New Stacyberg,Virginia,Female,AB+
James,Smith,18,863 Ricky Gardens,Suite 990,West Taylorport,Pennsylvania,Male,A+
Kenneth,Rice,63,28584 Mendoza Way,Apt. 515,South Kathy,Virginia,Female,B+
Angela,Scott,52,34650 David Drive,Suite 425,West Victoriatown,Kentucky,Male,A-
Brian,Taylor,57,79706 Michael Summit,Apt. 118,Woodsbury,Texas,Male,B-
Ashley,Guerra,20,084 Kathleen Plain,Suite 243,Lake Julia,North Carolina,Male,A+
Thomas,Clark,78,18477 Williamson Pike,Apt. 694,Lake Maryview,Montana,Male,AB-
Cathy,Sweeney,46,70873 Ruth Alley,Suite 690,Hollandfurt,Alabama,Other,AB-
Erin,Hunt,78,82631 Conrad Vista,Suite 058,East Edwin,North Carolina,Male,A-
John,Smith,42,1253 Gardner Club,Suite 498,Oscarbury,Kansas,Female,AB-
Alexandra,Bradshaw,22,253 Johnson Orchard,Suite 162,Transide,Idaho,Other,AB+
Donna,Hall,29,06461 Watson Mall,Suite 632,Crystalchester,Nebraska,Other,B+
Bryan,Nguyen,45,240 Gabriel Branch,Apt. 246,Deantown,Alaska,Female,A+
Kathryn,Luna,78,264 Adams Pine,Suite 238,Tinashire,Colorado,Male,B-
Donna,Williams,70,13077 Escobar Pike,Apt. 576,Lake Ryan,Iowa,Male,B-
Leslie,Brown,64,14036 Lynn Lakes,Apt. 762,Blackfort,Kansas,Other,B+
Rebecca,Fry,46,20908 Brianna Cliff,Suite 163,Richardburgh,Nevada,Male,AB+
Nancy,Brown,72,605 Butler Wall,Apt. 810,Kevinstad,Utah,Male,AB-
Michael,Padilla,75,408 Alexander Wall,Apt. 864,New Jessica,Maryland,Other,A-
Deborah,Rangel,60,6291 Wells Walks,Apt. 022,Tonifort,Tennessee,Other,O+
James,Brown,80,0439 Sarah Garden,Suite 760,Andersonview,West Virginia,Other,AB+
John,Sparks,63,8349 Johnson Estates,Suite 548,Ewingbury,Georgia,Other,B-
Tristan,Daniels,40,11846 Rebecca Trace,Suite 883,Barnesland,Alaska,Female,A+
Michael,Ramsey,28,2109 Patricia Port,Apt. 681,Whitemouth,New Mexico,Female,B-
Rachel,Garrett,41,864 Martinez Village,Suite 533,East Katiefurt,Connecticut,Other,A+
Tracy,Wright,37,45257 Johnson Row,Suite 012,East Courtneytown,Colorado,Male,AB-
Richard,Hutchinson,59,173 Brandi Brooks,Apt. 343,New Mariatown,Ohio,Female,A+
Carlos,Brewer,63,402 Lynch Village,Apt. 111,Brownfort,Alabama,Female,B-
Jonathan,Bowman,25,542 Brandon Causeway,Suite 914,Davidville,Nebraska,Other,AB+
Alyssa,Wilson,70,73346 Barnes Road,Suite 856,Sweeneytown,Arkansas,Male,B-
Kristina,Higgins,66,1088 Williams Stream,Suite 078,Lake Bradleytown,New York,Male,A-
Tyler,Chavez,15,41976 Brian Mountain,Suite 426,Loribury,Montana,Male,B-
Brittany,Ortiz,62,2280 Jones Extension,Apt. 264,East Vanessachester,Connecticut,Other,O+
Brian,Hill,20,9064 Burnett Station,Apt. 685,Hahnton,Washington,Other,O+
James,Holmes,67,992 Shawn Crossroad,Apt. 195,West Bryanside,New Mexico,Male,A-
Debbie,White,52,78513 Christina Turnpike,Suite 932,West Mary,New Mexico,Other,B-
Stephanie,Simpson,35,35169 Miller Streets,Suite 612,South Michael,California,Male,A+
Patricia,Ford,65,3322 Alexandria Square,Suite 279,West Alicia,South Carolina,Male,A+
Luis,Lee,46,19109 Owens Crossroad,Suite 108,South Angelica,Georgia,Male,O+
Sara,Pitts,28,614 Angelica Manor,Apt. 083,Gallaghertown,North Carolina,Female,B+
Kristen,Esparza,17,8059 Moss Field,Apt. 622,Johnville,North Dakota,Female,AB+
Jennifer,Collins,71,45784 Lisa Heights,Apt. 109,Frankborough,Connecticut,Female,A-
Judy,Warner,39,949 Jacobs Corner,Suite 872,Patriciamouth,Montana,Female,A-
Taylor,Swanson,41,6196 Martinez Island,Apt. 704,West Ashley,Colorado,Female,O-
Jared,Hayes,38,932 Dominguez Village,Suite 769,Greerchester,Arizona,Other,O-
Jeffrey,Wright,55,66236 Strong Coves,Suite 020,West Jonathonbury,Indiana,Other,AB-
James,Beck,60,17013 Jones Spurs,Suite 798,New Tinaberg,New York,Male,B+
Travis,Sosa,37,420 Jason Loop,Suite 886,Jenniferport,Tennessee,Male,B+
Nicholas,Johnson,51,690 Williams Street,Apt. 813,Joannachester,Colorado,Male,O-
Calvin,Park,52,8349 Moore Isle,Apt. 728,Paulview,Missouri,Female,O+
Justin,Gardner,51,4820 Rachael Ranch,Apt. 839,Port Samueltown,Washington,Other,B+
Carolyn,May,25,68752 Palmer Forges,Apt. 433,Valeriefort,New Mexico,Female,AB-
Charles,Thomas,71,59099 Cross Field,Suite 492,Port Natasha,Maine,Other,AB-
Nancy,Evans,11,86298 Jenkins Greens,Suite 067,Marymouth,Kentucky,Male,A-
Paul,Fuentes,68,390 Torres Groves,Apt. 189,Collinsview,Texas,Male,B-
Stephen,Lopez,13,79347 Sanchez Summit,Apt. 432,Kaylatown,South Carolina,Female,A-
Christopher,Olsen,24,151 Susan Vista,Apt. 919,Lake Meganstad,New York,Female,A-
Samantha,Campos,71,0252 Stephenson Underpass,Apt. 586,Miguelberg,Arizona,Female,A-
Elizabeth,Romero,68,76897 Aaron Mountains,Suite 155,Mooreberg,Arizona,Female,B+
Justin,Campbell,23,6619 Hatfield Springs,Suite 734,South Timothy,Alaska,Female,AB+
Kevin,Smith,11,091 Jessica Ports,Suite 724,East Dannyshire,Delaware,Male,AB-
David,Collins,48,4887 Hicks Villages,Suite 120,South Christinashire,South Carolina,Other,B+
Ashley,Jones,80,98826 Davis Centers,Suite 888,East Kyleville,Vermont,Other,B+
Amanda,Carr,15,30825 Gilmore Course,Suite 562,East Stevenmouth,Idaho,Male,AB+
Christina,Jenkins,19,67704 Abigail Vista,Suite 092,East Brittney,West Virginia,Male,B-
John,Davenport,48,2343 Rachel Views,Apt. 781,Port Elizabethville,Nebraska,Other,B+
Lisa,Hernandez,44,753 Ethan Keys,Suite 162,Rayberg,Colorado,Female,O+
Mary,Reynolds,17,84332 Joseph Pike,Apt. 880,Lake Oliviamouth,South Carolina,Male,O+
Jason,Sullivan,63,558 Paula Hills,Apt. 819,Kellybury,Maryland,Male,AB+
Katherine,Schmidt,68,9781 Holmes Locks,Suite 025,Lake Sarahburgh,Alaska,Other,A+
David,Hammond,50,884 Aaron Pines,Suite 092,Hernandezville,Arizona,Male,B-
Sheri,Baker,80,34307 Wright Row,Suite 860,New Jamesport,Louisiana,Male,AB-
Patricia,Jones,52,624 Cynthia Light,Suite 176,Harrismouth,California,Other,O+
Alison,Ruiz,78,7859 Griffin Corners,Suite 497,Suzannechester,Maine,Other,B-
Sabrina,Santana,24,0595 Perez Rest,Apt. 274,New Hollyfort,Utah,Male,B+
Erin,Moore,21,856 Perry Ports,Apt. 954,New William,Florida,Male,A+
Eddie,Sullivan,22,414 Tammy Street,Apt. 496,East Erin,Minnesota,Male,B+
Thomas,Day,32,0763 Erin Street,Apt. 298,South Charlesmouth,California,Female,AB+
Nicole,Ramirez,53,62866 Brandon Courts,Suite 509,Kingberg,New Hampshire,Other,O-
Joseph,Mckinney,39,713 Johnson Mill,Apt. 962,Stevenstad,Vermont,Male,O-
James,Johnson,22,477 Frank Fields,Apt. 934,Jonesfort,Virginia,Male,B-
Sandra,Williams,57,68290 Katie Motorway,Apt. 238,Sharonberg,Missouri,Male,A-
Rebecca,Curtis,53,44779 Skinner Throughway,Suite 072,Joycefort,Arizona,Male,B+
Austin,Wheeler,72,65088 Alyssa Corner,Apt. 429,Lake Chelseahaven,Oregon,Female,B+
Paula,Donovan,77,460 Smith Shore,Suite 311,Woodshire,Missouri,Female,A+
Erika,Flores,21,1263 Philip Ridges,Suite 492,East Deborahburgh,Massachusetts,Other,A+
Thomas,Marquez,30,982 Frey Track,Apt. 393,Port Stephanietown,Louisiana,Male,O-
Regina,Thornton,62,76219 Patrick Plaza,Apt. 453,Port Randall,Arkansas,Other,AB-
Janet,Johnston,60,106 Sarah Court,Apt. 677,West John,Virginia,Other,O-
Heather,Smith,52,99200 Ortiz Valley,Apt. 194,Port Eileenchester,Virginia,Male,O+
Diane,Morris,41,076 Baldwin Points,Suite 190,East Matthew,North Carolina,Female,O+
Anita,Bauer,52,7590 Meyers Shoal,Suite 038,Kellyview,Virginia,Female,AB+
Kristen,Reid,57,77461 Welch Islands,Apt. 584,North Stacyville,Tennessee,Female,B-
Chad,Davis,21,315 Winters Forges,Suite 340,Nicholston,North Dakota,Other,O+
William,May,77,94756 Harrison Greens,Apt. 640,South Daniellefurt,Washington,Male,B+
Danny,Evans,71,83929 Sean Route,Suite 708,Michaelport,Delaware,Other,B+
Jackie,Jordan,73,3050 Ruben Cliff,Suite 649,East Spencerchester,Illinois,Other,AB-
Danny,Krause,45,18960 Kenneth Harbors,Apt. 441,Lake Danny,Alabama,Female,B-
Amanda,Carrillo,16,32451 Bolton Burgs,Suite 380,Matthewsborough,Kentucky,Other,AB-
Caitlin,Vasquez,39,70475 Nguyen Lane,Apt. 307,Stephenchester,Wyoming,Other,A-
Carla,Bond,79,846 Wise Ways,Apt. 496,South Jacobberg,Pennsylvania,Female,B-
Kaylee,Calderon,65,4518 Scott Avenue,Apt. 394,South Allen,Georgia,Other,O-
Tony,Mosley,75,00991 Gary Lodge,Suite 190,Katieburgh,Wisconsin,Female,AB-
Sarah,Herrera,58,4392 Wright Glens,Suite 421,South Teresaville,South Carolina,Male,A-
Andrew,Brown,35,94206 Elizabeth Shoal,Suite 102,Charleschester,Washington,Other,B+
Andrew,Roth,36,46136 Morrison Field,Suite 110,South Rhondaland,California,Other,B+
Paula,Gregory,59,729 Shepard Cape,Suite 753,New Melissatown,New Jersey,Other,O+
David,Horn,62,5972 Rodriguez Mall,Apt. 738,Port Louismouth,Maine,Female,O+
Elizabeth,Johnson,59,726 King Road,Apt. 843,Gomezchester,Wyoming,Male,AB+
Anthony,Chambers,21,67110 Juan Prairie,Suite 493,Lake Bradleyborough,Tennessee,Male,B+
Lisa,Gardner,39,613 Ware Pine,Apt. 036,North Chloemouth,Missouri,Male,A-
Kayla,Farmer,45,515 Underwood Drive,Apt. 549,Laraburgh,Utah,Other,AB-
Raymond,Gibson,80,5925 Thomas Alley,Suite 045,Reyestown,Arkansas,Other,AB+
Bradley,Lynch,48,037 Mccormick Drive,Suite 141,West Patricia,Louisiana,Female,O+
Rhonda,Drake,28,29459 Walter Stravenue,Suite 482,Port Jesseport,Louisiana,Female,O-
Michele,Collins,49,01505 Johnson Mills,Apt. 443,Lake Brooke,Alaska,Female,B-
John,Bowman,17,755 Jared Via,Suite 409,New Thomasberg,Rhode Island,Male,B+
Judy,Bond,29,617 Stephen Island,Apt. 950,Laurieshire,Louisiana,Female,A+
Curtis,White,79,952 Teresa Coves,Apt. 207,East Michael,Utah,Male,B+
Julian,Johnson,74,0289 Curtis Union,Suite 667,Currychester,Maryland,Other,B+
Troy,Woodward,68,3838 Nichols Inlet,Suite 795,Samanthachester,Delaware,Male,AB+
Clifford,Rowland,12,86213 Thomas Cliff,Suite 690,Vincentside,Washington,Female,A+
Katie,Cooper,28,79123 Quinn Flat,Apt. 702,Port Jo,Colorado,Male,AB+
Mary,Guzman,54,86151 Osborn Plaza,Suite 463,Barnesborough,Michigan,Female,AB-
Antonio,Meza,72,976 Nguyen Road,Apt. 183,North Veronica,Alabama,Male,A+
Mary,Price,74,64217 Jeffrey Dale,Apt. 169,Karenshire,Wisconsin,Male,A+
Jesse,Mendoza,68,339 Mccoy Shoal,Suite 834,Navarrostad,Mississippi,Female,B+
Christopher,Erickson,68,27319 Jonathan Burg,Suite 193,Brownmouth,Arizona,Male,B-
Antonio,Gray,61,11914 Ryan Flats,Suite 792,Lake Cynthia,Nebraska,Other,O+
Allen,Rosario,78,5890 Roman Station,Apt. 714,Lake Williamfurt,Arkansas,Male,A+
David,King,29,334 Melissa Street,Suite 557,Johnsonmouth,North Dakota,Male,A-
Maxwell,Burns,49,5391 Costa Shores,Apt. 369,Josephhaven,Wisconsin,Female,B-
Jonathan,Thomas,22,62616 Jennifer Mission,Apt. 200,Lake Benjamin,Kentucky,Male,B-
Nicholas,Ramirez,74,01518 Charles Turnpike,Suite 323,Port Codyburgh,New Jersey,Female,A-
Steven,Morrison,48,923 Alexis Camp,Suite 000,Martinezview,Oregon,Female,O+
Sylvia,Olson,14,7271 Wiggins Freeway,Apt. 559,Lake Bryanside,Wisconsin,Female,O+
Benjamin,Stone,22,51968 Edward Island,Apt. 534,Hughesmouth,Oregon,Male,AB+
Brad,Green,39,14741 Heather Way,Suite 538,Smithburgh,Massachusetts,Male,B-
Tonya,Skinner,38,291 Julia Ferry,Suite 652,North Andrewstad,New Hampshire,Female,AB-
Charles,Andrews,73,91880 Christopher Square,Apt. 576,East Amy,Illinois,Female,AB+
James,Franco,21,738 Hunter Inlet,Apt. 136,West Bryan,New Mexico,Male,AB+
Scott,Jenkins,36,9656 Simpson Alley,Suite 474,Grimesbury,Vermont,Male,A-
Charles,Bullock,45,82140 Wood Parks,Apt. 880,South Scott,California,Female,O-
Anna,Smith,42,253 Perry Harbors,Suite 915,Paulberg,New Mexico,Female,AB-
Courtney,Lewis,42,6878 Welch Village,Apt. 735,Lake Debraport,Oregon,Other,A+
Jill,Johnson,80,610 Nancy Squares,Suite 846,New Christopherside,West Virginia,Female,B+
Aaron,Smith,62,10228 Brian Junctions,Apt. 044,West Bernardville,New York,Male,A-
Sarah,Chen,73,98276 Callahan Motorway,Suite 789,South Christopherborough,Wisconsin,Male,AB+
Christopher,Saunders,16,9263 Sandra Junctions,Apt. 535,Johnsonhaven,Arizona,Male,AB+
Devon,Randall,27,2929 Williams Spurs,Suite 910,South Amandaport,Nevada,Male,B+
Eric,Sullivan,14,068 Charles Village,Apt. 960,Phillipston,Rhode Island,Female,B+
Terry,Brown,59,691 Hernandez Centers,Apt. 652,Lake Amanda,New Hampshire,Male,A-
Cynthia,Reyes,38,6079 Ford Row,Suite 271,New Kathleenshire,Virginia,Other,A-
Christy,Watkins,40,94982 Franco Field,Suite 258,West Jessica,Pennsylvania,Other,AB-
Jennifer,Padilla,79,57759 Montoya Pine,Apt. 279,West Bob,Alabama,Female,AB-
Deanna,Rivas,22,68204 Williams Highway,Apt. 828,Wrightport,Delaware,Male,B+
Nancy,Hunt,46,29346 Isaiah Course,Suite 613,West Earl,South Carolina,Male,A+
Thomas,Mcdowell,19,2034 Matthew Orchard,Apt. 266,New Johnny,Georgia,Other,O-
Sarah,Davis,31,5527 Ernest Street,Suite 172,Gomezland,Massachusetts,Other,O-
Thomas,Gilbert,74,072 Amber Loop,Apt. 940,Stephaniefort,North Dakota,Other,O-
James,Campbell,40,40944 Rachel Mission,Apt. 428,South Pamela,Kansas,Other,B-
Juan,Ramsey,78,283 Crystal Highway,Suite 215,Thomasfort,Louisiana,Male,A+
Brian,Wise,73,2094 Nixon Curve,Apt. 260,Vasquezburgh,California,Male,O-
Christina,Mckinney,20,57438 Green Flats,Apt. 223,Port Ronald,Iowa,Other,O-
Kimberly,Wade,47,50972 Castro Place,Apt. 740,Daniellemouth,California,Other,AB-
John,Kelly,36,5495 Warren Island,Suite 940,Brendashire,Nebraska,Other,B-
Alexandra,Taylor,73,131 Scott Burgs,Suite 041,Ramirezport,North Carolina,Male,A-
Katherine,Crawford,74,81451 Alexander Mountains,Suite 678,Mccallland,California,Male,A-
Kimberly,Stanley,24,994 Joshua Mountains,Suite 401,Mejiaville,New Mexico,Other,AB-
James,Pacheco,14,3151 Stewart Hill,Suite 010,North James,North Carolina,Female,AB+
Michael,Strickland,44,33109 Roberts Greens,Apt. 780,Liuview,South Dakota,Other,O-
Arthur,Stafford,20,97128 Goodwin Knolls,Suite 738,New Russell,New Jersey,Other,O+
Juan,Perkins,51,87586 Anderson Glens,Apt. 808,Lake Laura,Kansas,Female,B-
Tiffany,Bush,64,11161 Jessica Prairie,Apt. 347,Robertstad,Alabama,Female,AB-
Alexandra,Hernandez,77,986 Jones Junction,Apt. 737,Jasonmouth,Pennsylvania,Female,B+
Rebecca,Woods,29,190 William Well,Suite 779,Rachelport,Indiana,Female,A-
Jerry,Martin,20,752 Gates Creek,Apt. 993,South David,Minnesota,Other,O+
Michael,Strong,27,877 Michael Port,Apt. 879,Port Cory,Virginia,Other,AB-
Jessica,Burke,36,34765 Don Stream,Suite 630,Stephenmouth,Pennsylvania,Female,B-
Sharon,Stevens,54,072 Wright Summit,Suite 406,Priceborough,Kentucky,Female,B-
Zachary,Alvarez,16,15436 Sean Route,Apt. 873,Gardnershire,New York,Male,O-
Christopher,Watson,47,265 Green Plaza,Apt. 373,Port Emmaview,Kansas,Male,AB-
Dominique,Juarez,71,7025 Jeremiah Glen,Suite 869,North Margaret,Michigan,Female,B-
Peter,Hale,19,777 Micheal Cliffs,Suite 728,South Henrytown,Louisiana,Male,AB-
Kendra,King,74,02644 Patrick Squares,Apt. 592,Lake Rebecca,Illinois,Male,O-
Ronnie,Wise,23,85341 Rebecca Rest,Apt. 314,Rogerstown,New Mexico,Female,AB+
Joseph,Smith,74,78418 Smith Orchard,Suite 820,New Joelville,Wyoming,Male,B+
Sean,Patterson,58,18254 Massey Ridges,Suite 868,Blaketon,California,Other,A-
Veronica,Hunt,57,5207 Vasquez Squares,Suite 759,Franciscoview,Vermont,Female,A-
Eric,Davila,74,099 Guzman Square,Suite 338,Port John,Alabama,Male,B-
Michelle,Brown,25,046 Sanchez Rest,Apt. 916,Jamesview,Virginia,Female,B+
Randy,Cooper,26,636 Orr Lakes,Apt. 676,Robinton,South Dakota,Male,A-
Steven,Herrera,34,5940 Suzanne Hollow,Apt. 112,Lindseytown,New Jersey,Other,AB+
Michael,Wagner,47,66411 Young Lodge,Apt. 541,Lisaland,Colorado,Other,AB-
Kevin,Campbell,69,6822 Jordan Courts,Suite 862,West Whitneyfurt,North Carolina,Other,B-
Patrick,Pittman,74,451 Andrew Neck,Apt. 126,Lake Thomasmouth,Oklahoma,Male,AB-
Veronica,Suarez,49,04576 Martinez Trail,Suite 591,North William,Texas,Other,O+
Michael,Taylor,35,69153 Mary Groves,Suite 489,North Rita,New York,Female,A-
Matthew,Werner,34,6369 Brett Mills,Suite 432,Charlesland,Arizona,Male,AB-
Courtney,Chase,38,8555 Theresa Ports,Suite 037,New Jason,Wisconsin,Female,O+
Mark,Williams,17,60027 Brian Plain,Suite 691,Hayeston,Idaho,Female,A+
Oscar,Landry,32,0474 Gina Rue,Apt. 765,Dominiqueton,Kansas,Female,B+
Jeffrey,Li,80,912 Christopher Isle,Apt. 219,Lake Jeffreystad,Minnesota,Female,B-
Christine,Phillips,76,42731 Serrano Summit,Apt. 452,Port Timothyburgh,Arizona,Male,A+
Samantha,Anderson,51,18086 Michael Drive,Suite 960,Evanston,Delaware,Male,A+
Crystal,Ramirez,43,881 Diaz Divide,Apt. 999,West Justinbury,Minnesota,Female,B-
Sharon,Reed,42,6645 Susan Expressway,Apt. 115,Seanborough,Arizona,Female,O-
Jessica,Johnston,28,14648 Parker Plaza,Apt. 579,Elizabethfort,Oregon,Male,O-
Frances,Lewis,77,84842 Zachary Avenue,Suite 737,Lake Patrick,California,Other,B+
Joshua,Cox,26,0972 Carla Plaza,Suite 391,Lake Jeffreychester,Connecticut,Male,A+
Tracy,Jones,11,054 Marcus Curve,Suite 281,Monicaton,Minnesota,Female,A-
Tony,Tyler,34,2238 Tammy Squares,Apt. 305,Loriport,Iowa,Male,O-
Melissa,Terry,31,1549 Jerry Common,Apt. 987,Reyesmouth,Tennessee,Other,A+
Sarah,Vance,79,49715 Jamie Rapids,Apt. 746,Port Cameronview,Wyoming,Male,B+
Jessica,Hall,50,43685 Shannon Ford,Suite 036,West Kenneth,Louisiana,Male,AB-
Rebecca,Mitchell,26,7791 Mary Rapid,Apt. 300,Port Matthewberg,Missouri,Female,B-
Julian,Cooper,63,0120 Garcia Pike,Suite 233,South Deborah,Indiana,Female,A-
Jeffrey,Smith,38,584 Heather Expressway,Suite 557,North Jason,Hawaii,Female,B-
Dominique,Watson,18,0149 Scott Meadows,Suite 408,Dustinfurt,Arizona,Other,A-
Stephen,Gonzalez,64,7089 Aaron Lakes,Apt. 788,West Antonio,Louisiana,Female,A+
Sydney,Wood,20,5425 Garner Centers,Suite 676,Parrishbury,Indiana,Other,AB-
Robin,Brown,61,914 Davis Shoal,Apt. 198,Sandersstad,Ohio,Female,O+
Charles,Stone,78,333 Christopher Dale,Suite 969,Bakermouth,Utah,Male,B+
Jordan,Sawyer,56,72134 Martin Pine,Apt. 604,North Alyssaberg,Montana,Other,A+
Amber,Thomas,26,6294 Barnes Estate,Suite 542,New Jill,Massachusetts,Male,AB+
John,Lopez,56,66351 Grimes Inlet,Apt. 638,Amyhaven,Vermont,Other,O+
William,Stephenson,53,80766 Boone Heights,Suite 546,Melissastad,West Virginia,Other,B+
Rebecca,Morgan,38,7915 Stephanie Plain,Apt. 308,Michaelside,Mississippi,Male,B-
Nicole,Moss,43,8099 Sarah Shoals,Apt. 371,Sheltontown,West Virginia,Male,A-
Sandra,Ford,48,4159 Nelson Hills,Suite 714,Lopezville,Montana,Other,A+
Gregory,Glass,35,06195 Vanessa Walk,Suite 544,Jonestown,Nebraska,Other,AB+
April,Travis,12,680 Shah Passage,Suite 703,West Adam,Rhode Island,Male,A-
Sandra,Williams,75,67035 Charles Ranch,Apt. 069,Ballardton,New Hampshire,Other,O-
Adam,Allen,28,333 Michael Fields,Suite 887,Janemouth,Florida,Female,B-
Wanda,Murray,51,72980 Sarah Greens,Suite 725,Michaelview,Arizona,Other,A-
Cheryl,White,24,33403 Jeremy Greens,Apt. 748,West David,Wisconsin,Other,AB+
Alexander,Adams,39,39927 Kevin Loaf,Apt. 837,Smithview,Wyoming,Male,A-
Shaun,Roberts,70,87725 Amanda Shores,Suite 852,West Caitlinfurt,New Jersey,Other,O-
Allison,Hill,71,65236 Castillo Lakes,Suite 639,South Beverly,Alaska,Female,O+
Jessica,Cisneros,74,23315 Carson Run,Suite 732,West Bruceborough,Indiana,Other,O+
Joe,Potter,22,541 Collins Cove,Apt. 649,Port Rebeccaside,Kentucky,Other,AB-
Meredith,Lawson,34,5167 Paula Glens,Suite 157,New Nicoleburgh,Washington,Other,B+
Benjamin,Watson,60,034 Coffey Springs,Suite 885,New Denise,Oklahoma,Other,B-
Amanda,Mitchell,22,007 Alvarado Shores,Suite 044,Sanchezmouth,Mississippi,Other,A+
Janet,Sanchez,69,936 Good Square,Suite 222,New Tiffany,North Dakota,Female,O-
Linda,Hayes,60,118 Tammy Fords,Apt. 403,Mccarthyfort,Louisiana,Male,O+
Denise,Martin,49,1404 Carr Shoals,Suite 335,North Henry,New Hampshire,Male,A+
Elizabeth,Miller,59,28406 Stewart Forges,Apt. 083,Martinezfurt,Connecticut,Male,O+
Steven,Murphy,76,7097 Bush Crossroad,Suite 092,West Diana,Louisiana,Female,B-
Todd,Martin,65,931 Johnson Knoll,Suite 426,Martinezhaven,Maryland,Other,AB+
James,Reid,37,686 Hayes Key,Apt. 009,East Franklinville,New Hampshire,Male,A-
Anthony,Fields,75,293 Melissa Wells,Suite 298,Lake Derek,Tennessee,Male,AB+
Marc,Rhodes,80,2068 Mathew Coves,Suite 404,Davidland,Nevada,Male,O-
Christina,Butler,23,3594 Curtis Crescent,Apt. 334,Jamiestad,Maine,Female,A-
Tammy,Weber,67,993 Brown Road,Apt. 868,West Mercedesmouth,Massachusetts,Female,B-
Alyssa,Ray,50,7783 Thompson Tunnel,Apt. 571,Torresburgh,Georgia,Other,AB+
Ashley,Hays,54,7926 Martin Circles,Suite 521,Lake Angela,Arizona,Other,A+
Charlene,Medina,38,433 Garcia Hollow,Suite 801,Millerburgh,Oregon,Male,O-
Tina,Robbins,62,07887 Manuel Plain,Apt. 265,Thompsonstad,Delaware,Male,A-
Matthew,Orr,11,07381 Fitzpatrick Track,Suite 600,West Seanberg,Delaware,Female,AB+
Patricia,Mccann,40,63132 Benson Fall,Apt. 458,South William,Minnesota,Other,A+
Raymond,Thomas,47,85098 Gregory Lakes,Apt. 299,Ryanbury,Nevada,Male,B-
Albert,Howell,68,812 Douglas Locks,Suite 051,West Lisa,Virginia,Other,O-
Ashley,Sharp,75,632 Williams Key,Suite 068,Gordonfort,Colorado,Other,AB+
Richard,Price,62,510 Krista Mountains,Apt. 016,West Jamie,New Mexico,Male,AB-
Brandon,Burgess,21,161 Jones Branch,Suite 526,Bradfort,Nebraska,Other,A+
Jasmine,Gutierrez,44,2442 Timothy Roads,Suite 358,Aaronton,New Jersey,Female,O-
Walter,Rios,57,260 Carroll Dam,Suite 705,Port Brianport,Utah,Other,O+
Toni,Lee,37,5229 Joyce Isle,Suite 886,Simmonsfurt,Washington,Male,AB-
Christine,Williams,61,50741 Stokes Forest,Apt. 865,Port Brookeburgh,Illinois,Other,B-
Roy,Lozano,24,051 Daniel Burgs,Apt. 759,East Tonibury,Utah,Male,O+
Carrie,Fitzpatrick,53,85333 Thomas Fall,Apt. 280,Saraside,Louisiana,Female,B-
Megan,Warren,34,979 Nicole Fork,Suite 916,Carlyborough,Wyoming,Male,O+
Cynthia,Moore,14,82150 Paul Court,Apt. 034,Jacksonberg,Alaska,Female,O+
Holly,Moran,36,3791 Norman Parkway,Suite 133,Kristinetown,New Hampshire,Female,A-
Brittany,Murray,11,627 Matthew Mill,Suite 369,Williamsside,New Mexico,Female,B+
Sylvia,Leach,50,0652 Kenneth Dam,Suite 711,North Brandonview,Ohio,Other,A-
William,Ochoa,39,8482 Rivers Fall,Apt. 001,Heatherview,Arkansas,Other,O+
David,Evans,52,12284 Timothy Place,Apt. 529,Mccoyville,Massachusetts,Female,AB+
Lisa,Stephens,27,48359 Jennifer Extensions,Apt. 356,Melissastad,Wyoming,Other,AB+
Rebecca,Barker,18,097 Williams Mews,Suite 579,North Megan,Utah,Other,B+
Deborah,Chen,41,4317 Blevins Stream,Suite 863,Lake Kent,Rhode Island,Other,AB-
Nicole,Fitzgerald,18,8363 House Corner,Apt. 840,North Benjaminstad,Utah,Male,A-
Diana,Dalton,74,643 James Walks,Suite 502,North Angel,Rhode Island,Other,A-
Andrew,Meyer,72,946 Amy Turnpike,Apt. 462,Crossland,Colorado,Male,B+
Lindsay,Hill,27,54385 Ballard Brooks,Apt. 934,East Traceymouth,Nebraska,Male,A-
Paul,Martin,56,8284 Watson Port,Apt. 182,West Benjaminhaven,Tennessee,Female,O+
Vanessa,Taylor,67,367 Gonzalez Forest,Suite 041,Ashleyfurt,Hawaii,Male,B+
Priscilla,Nolan,16,1393 David Haven,Apt. 795,West Margaretfurt,Ohio,Other,O-
Christopher,Simpson,35,369 Miller Locks,Apt. 056,West Donnaberg,South Dakota,Female,AB+
April,Nixon,32,025 Bush Square,Suite 589,Lake Ashleymouth,Virginia,Female,O-
Kendra,Logan,77,33300 Patrick Pass,Apt. 472,Port Joshuaport,Georgia,Female,A+
Clifford,Chen,52,913 Sierra Plaza,Suite 418,Lake Scott,Kansas,Male,O+
Frank,Morrison,75,59737 Brian Pines,Apt. 956,Stevenville,Alaska,Male,AB+
Mary,Moyer,48,7703 Nash Cove,Suite 762,Brianberg,Kentucky,Male,AB-
Jennifer,Gomez,55,662 Jennifer Cove,Apt. 415,Port Rachelport,Virginia,Other,AB+
Jasmine,Bradford,66,873 Roberts View,Apt. 912,Cantrellmouth,Mississippi,Other,A+
Joshua,Price,21,3361 Emily Mall,Suite 557,East Paul,North Dakota,Male,B-
Stephanie,Green,11,22981 Adrienne Islands,Suite 910,West Johnmouth,Indiana,Male,B-
Brenda,Welch,27,27682 Jessica Row,Apt. 514,Mcdanielside,Wisconsin,Female,O+
Justin,Velasquez,16,2968 Elijah Rue,Apt. 939,Jenningsborough,Tennessee,Other,O+
Theodore,Romero,34,62969 Michael Locks,Suite 855,Jonesview,Indiana,Other,B+
Chelsea,Strong,51,20785 Andrea Ville,Suite 441,Atkinsfurt,Oregon,Male,B-
Sabrina,Davis,77,7780 Fleming Road,Suite 053,East Cynthiaberg,Rhode Island,Other,B-
Jay,Matthews,40,1185 Katherine Island,Apt. 877,East Lindsay,Kentucky,Male,AB-
Robert,James,59,3038 Daniel Stream,Suite 206,East Latasha,Vermont,Male,O-
Pamela,Tate,30,464 Shawn Park,Apt. 212,Pamelashire,Nebraska,Male,O-
Richard,Marshall,71,82197 Fleming Cliff,Apt. 011,South Amandabury,Idaho,Female,A+
Megan,Lee,50,586 Kevin Expressway,Apt. 655,Chambersville,Connecticut,Female,A-
Sarah,Whitehead,72,26583 Theresa Harbor,Apt. 703,New Blakestad,Nebraska,Male,B+
Daniel,Smith,47,268 Mason Junction,Apt. 002,Maryville,Indiana,Other,A+
Jason,Lee,72,701 Shaw Springs,Suite 667,Mariaburgh,South Carolina,Other,AB+
Douglas,Williams,39,6332 George Summit,Suite 499,Hernandezfurt,Maine,Female,A-
Tonya,Lara,75,282 Amanda Stravenue,Apt. 813,Jacobborough,New Jersey,Other,AB+
Brian,Gray,70,700 Nguyen Station,Apt. 045,Martinfort,Alabama,Male,B-
Tiffany,Moore,65,7308 Thomas Ridges,Suite 296,Christineport,Mississippi,Female,O-
Kristin,Leonard,73,45343 Sarah Ridges,Apt. 595,Albertside,Missouri,Other,O-
David,Taylor,70,25989 Harris Lake,Suite 587,Jessicashire,Massachusetts,Female,B+
Keith,Huang,46,1000 Myers Skyway,Suite 811,East Joseport,Arkansas,Other,B+
Greg,Nelson,12,33609 Meredith Gateway,Suite 262,North Susan,Rhode Island,Female,B-
Alexander,Bailey,68,2259 Smith Falls,Apt. 688,New Theodore,Maryland,Other,AB+
Emily,Phillips,42,43051 Brian Valley,Apt. 941,Lake Scottton,Minnesota,Female,AB-
Cheryl,Williams,53,62102 Watkins Springs,Suite 666,Richardborough,Alaska,Other,O-
April,Lewis,73,35314 Miller Ramp,Suite 750,Lake Bonniemouth,Illinois,Female,A+
Julia,Blackwell,18,58574 Clark Squares,Apt. 114,Lake Cherylshire,New Mexico,Other,AB+
Andrew,Moore,42,417 Cathy Tunnel,Suite 291,Allenville,Georgia,Male,B+
Gerald,Mclean,17,313 Sanchez Curve,Suite 446,Watsonchester,Kentucky,Other,A-
Sally,Carroll,20,829 Marquez Roads,Suite 646,Brandonton,New York,Male,AB-
Gabriel,Morales,24,492 Flores Trail,Suite 462,South Nathantown,Texas,Other,A-
Adam,Hartman,59,65810 Daniel Stravenue,Suite 584,Macdonaldside,South Dakota,Male,A+
Sheila,Lewis,32,5762 Connie Radial,Apt. 120,Nicoleport,Wisconsin,Other,AB+
Leslie,Cole,19,2998 Horton Station,Suite 299,West Richardport,Oklahoma,Male,AB-
Brian,Anderson,27,7775 Sally Islands,Suite 729,Murphyshire,New Jersey,Other,AB+
Brandon,Barton,37,93361 Kevin Brook,Apt. 592,Sherrystad,Pennsylvania,Other,B-
Debra,Jones,80,22995 Olson Path,Suite 684,Davidview,Virginia,Female,B+
Kevin,Benton,46,73275 Steven Place,Suite 817,Benjaminfurt,New York,Other,O-
Tiffany,Gardner,79,4962 Matthew Mills,Apt. 487,Scottchester,Wyoming,Other,O-
Stephen,Garcia,35,9932 Wilson Vista,Suite 405,Smithville,New York,Male,AB-
Andrew,Campos,27,31731 Erin Keys,Suite 160,New Paula,New Mexico,Other,AB-
Timothy,Brooks,57,0959 Kelli Parkways,Apt. 742,Edwardbury,Montana,Male,O-
Mitchell,Robertson,52,011 Donaldson Green,Suite 387,South Taylorberg,Florida,Female,AB-
Jonathan,Robinson,57,89351 Davis Causeway,Apt. 766,Jerrymouth,Indiana,Female,A+
Heather,Hancock,80,18968 Taylor Points,Suite 219,Christophershire,Wisconsin,Other,B+
Jacob,Lewis,39,908 Danielle Well,Suite 527,Natalieton,Idaho,Female,O-
Carla,Rice,63,2390 Megan Place,Suite 254,Jamesmouth,Arizona,Male,A+
Jon,Evans,39,200 Mccoy Lake,Suite 187,Michaelville,Indiana,Male,AB-
Holly,Green,33,2349 White Mountains,Suite 322,East Robert,Nevada,Male,O+
Beth,Skinner,67,4015 Gina Springs,Suite 641,East Jason,Hawaii,Female,A-
Jill,Henry,52,511 Myers Locks,Apt. 053,Alexisbury,Nevada,Male,B+
Melissa,Anderson,76,828 Sophia Ports,Suite 165,Jesseton,New Jersey,Male,A-
Brandi,Barrett,62,65971 Jessica Cliffs,Suite 609,Dickersonstad,North Dakota,Male,O-
Eddie,Friedman,72,20231 Lewis Villages,Apt. 842,South Tamara,New York,Other,B-
William,Green,25,2918 Meghan Point,Apt. 648,Emilyhaven,New York,Other,O-
Eric,Andrews,58,2892 Grant Skyway,Suite 952,Pattersonburgh,Oklahoma,Male,A+
Jessica,Mitchell,36,74972 Brown Burg,Suite 236,Christineberg,Missouri,Male,A-
Allen,Bell,64,45158 Dixon Forest,Apt. 036,North Jennifer,Pennsylvania,Male,O+
Luis,Davis,63,854 Shannon Ridge,Suite 735,Elizabethport,Wisconsin,Other,AB+
Aaron,Jackson,63,23256 Rios Well,Apt. 848,Port Elizabethfurt,Kentucky,Male,AB+
Linda,Christian,28,925 Christina Villages,Suite 558,West Tiffanyhaven,Utah,Male,AB-
Stephanie,Mills,69,116 Catherine Island,Suite 951,Higginsbury,New Jersey,Male,O+
Peter,Christensen,34,27975 Mueller Trace,Apt. 932,Tonyshire,Nebraska,Female,AB+
John,Mcintyre,13,81221 Ryan Overpass,Apt. 775,North Erinport,Indiana,Male,AB+
Douglas,Kelley,38,7599 Elizabeth Divide,Suite 792,East Miguelland,Ohio,Female,O-
Lauren,Kim,48,736 Felicia Mews,Suite 295,Knightside,North Carolina,Other,AB-
Erica,Galloway,34,6662 Meyer Court,Suite 608,New Kevinfort,Minnesota,Other,AB+
Jeffrey,Lin,38,31568 Daniel Meadows,Suite 429,Conleyfurt,Utah,Female,B+
Daniel,Lee,29,015 Fischer Mountain,Apt. 979,South Lisa,Idaho,Female,O-
Michael,Valentine,25,628 Kevin Hills,Apt. 249,Port Nicole,Pennsylvania,Female,B+
Megan,Wood,74,7747 Cordova Turnpike,Suite 546,Port Gary,Iowa,Male,O-
Ronald,Douglas,18,339 Michael Mills,Apt. 873,Steeleview,South Carolina,Female,A+
Adrian,Hebert,65,59463 Garcia View,Suite 643,Mcgeeside,Minnesota,Other,O-
David,Deleon,52,108 Clark Tunnel,Suite 929,Barnesville,Connecticut,Female,O+
Steven,Barker,22,5770 Heather Viaduct,Suite 939,Lake Josephfurt,West Virginia,Male,B+
Melissa,Williams,24,1569 Ashley Rest,Suite 841,New Jenniferstad,Delaware,Female,A-
Gregory,Cervantes,64,2128 Michelle Lock,Apt. 935,West Renee,Georgia,Other,B-
Timothy,Gentry,68,11391 Leah Trace,Apt. 726,Adkinsbury,Massachusetts,Female,B-
Christopher,Underwood,11,812 Brian Shores,Suite 607,Ashleystad,Maine,Other,A+
Sara,Walters,53,0674 Hughes Via,Apt. 541,Charlesburgh,Indiana,Male,B-
Darlene,Harris,18,284 Warren Villages,Suite 748,Port Joshua,Kansas,Other,A-
Tracy,Le,32,995 Jenkins Club,Apt. 329,Calderonville,Nebraska,Other,A+
Sabrina,Turner,10,6367 Desiree Viaduct,Suite 616,Reyesmouth,New Jersey,Other,AB+
David,Moore,60,06876 Gregory Ford,Suite 150,Jillside,Alabama,Female,A+
Amber,Garcia,10,7975 White Meadow,Suite 667,New Michelle,Illinois,Male,O-
Katherine,Reyes,63,156 Kathryn Garden,Apt. 111,Davidstad,Minnesota,Other,AB+
Kelsey,Arias,51,78919 Ryan Field,Apt. 623,Frazierhaven,North Dakota,Male,O+
Michael,Brown,27,6760 Linda Manors,Suite 217,Port Aliciamouth,New Hampshire,Female,B+
Eric,Ortega,31,2264 Moore Square,Suite 460,Ericafurt,Hawaii,Female,AB-
Melanie,Williams,60,683 Veronica Stravenue,Suite 899,Jamesland,Delaware,Female,A-
Michael,Walker,45,828 Valenzuela Summit,Apt. 953,South Arthurshire,Pennsylvania,Female,AB-
Anthony,Butler,79,81747 Hicks Fall,Suite 484,Garrettview,Hawaii,Male,O-
William,Gardner,44,19806 Carter Knolls,Suite 743,New Laurahaven,Colorado,Other,AB+
Nicole,Hunter,68,4748 Jason Locks,Suite 021,Rodriguezside,Alaska,Male,O-
Amanda,Harper,38,749 Margaret Alley,Apt. 756,Jennifershire,Rhode Island,Other,AB+
Travis,Stephens,47,972 Oneal Crest,Suite 387,Shannontown,Massachusetts,Female,O-
Benjamin,Ortiz,67,548 Victor Plain,Suite 834,Powellhaven,North Dakota,Other,O+
Crystal,Fisher,76,443 Daniel Stream,Suite 924,Chanbury,California,Other,B+
Carlos,Jenkins,46,4333 Berry Corner,Apt. 420,South Paulville,Oklahoma,Other,B-
Natalie,Neal,16,95029 Matthew Shore,Apt. 830,Nelsonland,Oklahoma,Other,A+
Kristopher,Juarez,45,89760 Jessica Views,Suite 034,North Ericland,Oregon,Male,AB+
John,Thomas,40,833 Boyd Drives,Suite 610,Port Vanessamouth,Rhode Island,Female,A-
Ryan,Lee,68,89388 Vincent Dale,Apt. 105,Sharifurt,Delaware,Other,O+
Jessica,Smith,38,310 Kendra Views,Apt. 572,North Eric,New York,Male,AB+
Barbara,Patton,38,86310 Ray Ports,Apt. 561,Hurstville,Wyoming,Male,O-
Dana,Garcia,10,65125 Michael Cliffs,Suite 322,Nancyborough,Maine,Other,A+
Bailey,Garza,76,0012 Lawrence Lock,Apt. 496,South Linda,Arkansas,Female,B+
Joseph,Stevens,68,19056 Danielle Lights,Apt. 499,West Janet,Oregon,Male,A-
Alan,Chan,13,55719 Timothy Gardens,Apt. 025,South Jennifer,Alaska,Male,AB-
Paul,Young,38,883 Todd Street,Suite 586,Lake Tina,Texas,Male,AB+
Richard,Smith,66,98000 Hunter Landing,Suite 844,Lake Alejandro,New Mexico,Female,B-
Kristina,Aguirre,31,6382 West River,Suite 405,Lake Bradleyfort,Iowa,Male,B-
Joanne,Mccormick,51,67286 Buchanan Camp,Apt. 749,Rebeccaburgh,Virginia,Female,AB-
Evan,Pham,67,645 Jonathan Valleys,Apt. 463,Port Rachelmouth,Louisiana,Other,AB-
Marvin,Travis,11,45861 Hannah Loaf,Suite 258,Adamsville,Vermont,Female,AB-
Paige,Carr,40,3580 Mccoy Avenue,Apt. 880,Justinview,Colorado,Female,A-
Dana,Kirby,58,666 Frank Extension,Apt. 005,South Kayla,Massachusetts,Other,AB-
Timothy,Savage,51,6752 Michael Green,Apt. 216,New Harold,South Carolina,Female,O+
Jocelyn,Wood,45,9942 Pierce Pike,Suite 859,New Paul,Illinois,Other,O-
Gail,Hughes,76,003 Julie Port,Apt. 787,Heatherhaven,Illinois,Female,AB+
Sara,Parks,75,07903 Dylan Manors,Suite 804,Mooreton,Wisconsin,Male,A+
Benjamin,Ibarra,29,540 Ferrell Shoals,Apt. 938,East Bob,Louisiana,Male,AB-
Mia,Kemp,68,6910 Veronica Village,Apt. 593,East Mark,Indiana,Other,AB-
Sandra,Bennett,72,5214 Lawson Spurs,Suite 523,Joannaport,West Virginia,Male,AB+
Michael,King,19,226 Zachary Knolls,Suite 846,West Meganbury,Vermont,Male,AB-
Jamie,Gomez,26,6287 Ryan Trafficway,Apt. 955,Keithview,Florida,Male,A+
Thomas,Fernandez,21,4096 James Cove,Apt. 377,Lake Amandamouth,North Carolina,Other,A+
Cody,York,28,466 Ross Neck,Apt. 406,Port Vincent,New Mexico,Female,O-
Michael,Frank,68,5551 Samantha Prairie,Suite 304,East Jasontown,Wyoming,Other,AB+
Erin,Wilkins,10,327 Danny Mount,Suite 357,Lake Kellymouth,South Carolina,Female,O+
Danielle,Marshall,71,323 David Canyon,Suite 343,Mcconnellborough,Utah,Other,AB-
Brittany,Vargas,18,5760 Eric Lodge,Suite 393,Christineville,Arizona,Male,B-
Roger,Hamilton,10,7762 Mccoy Drives,Suite 110,Jerryside,Illinois,Male,O-
Danielle,Brown,12,47530 Sandra Villages,Suite 047,Jonathanburgh,Indiana,Female,B-
Andrea,Beck,64,04071 Gutierrez Knoll,Apt. 902,Rodriguezside,Utah,Female,O+
Michael,Lewis,21,704 William Forges,Apt. 556,West Paul,Washington,Male,AB+
Tonya,Wagner,34,26859 Diaz Manor,Apt. 255,Cochrantown,Maine,Other,AB+
Jennifer,Blevins,63,778 Richard Lakes,Suite 966,Kingberg,North Dakota,Male,AB-
Michael,Johnson,59,44937 George Extension,Apt. 960,Mcgeeport,New York,Female,B+
Julie,Turner,70,758 Kevin Stravenue,Apt. 468,Johnsonmouth,Hawaii,Other,O+
Charles,Santos,45,79629 Jason Springs,Suite 642,Tatemouth,Pennsylvania,Male,AB-
Lisa,Scott,39,7202 Watts Pines,Suite 772,Port Kenneth,Washington,Other,AB+
Betty,Arias,36,91790 Boyd Mountains,Apt. 577,Williamshaven,Washington,Male,AB-
Judy,Garcia,80,98707 Steven Highway,Suite 306,South Penny,Maine,Other,A-
Alexa,White,57,93478 Joann Rue,Apt. 652,Sanchezbury,Nevada,Female,O-
Eugene,English,68,795 Blackwell Trafficway,Suite 992,South Matthew,Oklahoma,Other,B-
Daniel,Erickson,28,13607 Smith Neck,Apt. 317,Brownville,Missouri,Male,B+
John,Kim,72,27965 Julie Spurs,Suite 211,Elizabethstad,Ohio,Male,AB-
Steven,Johnson,13,828 Jordan Gateway,Suite 343,South Jacob,Utah,Other,O-
Christine,Church,59,29856 Molly Plains,Apt. 932,Chelseyburgh,Texas,Other,B+
Robert,Green,54,399 Jane Plain,Suite 910,Zoemouth,Montana,Female,AB+
Tamara,Guerrero,76,8227 Paul Parks,Suite 345,Humphreyland,Nebraska,Other,O-
James,Oconnell,72,4482 Juarez Divide,Apt. 111,South Marioburgh,Florida,Male,B+
Rebecca,Lawson,69,08526 George Run,Suite 490,South Georgefurt,Minnesota,Female,AB+
Valerie,Cooper,35,5462 Alexandria Ramp,Suite 283,Jamesmouth,Ohio,Male,A-
Alexandra,Bentley,63,686 Claire Mountain,Suite 061,Jameshaven,Minnesota,Female,AB-
Christina,Goodwin,62,365 Morris Plains,Apt. 972,Lake Cassidy,Oklahoma,Other,O-
Raymond,Ortega,22,0992 Cassandra Valley,Apt. 160,Houstonstad,Mississippi,Other,O+
Jose,Thompson,13,46693 Kramer Throughway,Suite 398,New Kenneth,South Carolina,Other,O+
Sean,Mitchell,79,073 Fleming Row,Apt. 921,East Jamesbury,Kansas,Female,AB+
Kimberly,Hoffman,78,613 Amanda Ridge,Suite 793,Johnsonfort,Ohio,Male,O-
John,Bennett,49,071 Angela Parks,Suite 274,Duncanstad,Oklahoma,Female,AB-
Brooke,Mata,27,93441 Lucas Viaduct,Apt. 813,Lake Christinemouth,Iowa,Male,B-
Cheryl,Yates,62,555 Daniel Gateway,Apt. 770,Port Deborah,Ohio,Female,A+
Jade,Clark,61,433 Karen Bridge,Suite 403,East Aaronburgh,New Hampshire,Female,B+
April,Ellis,41,95567 Carlos Point,Apt. 560,Evansville,Nevada,Male,O-
Jason,Carney,43,004 Schneider Roads,Apt. 773,South Christopherstad,Wisconsin,Other,B-
James,Colon,76,194 Carter Isle,Apt. 935,Craigview,Ohio,Male,B-
Joseph,Wilson,47,414 Kelly Parks,Suite 497,New Amberport,Florida,Other,O-
Ashley,Simpson,20,394 Taylor Glens,Apt. 083,Danielleville,Arkansas,Male,AB-
Mark,Smith,28,424 Carrillo Point,Apt. 652,Williamsfort,Maryland,Other,B+
James,Nunez,59,175 Gonzalez Harbors,Apt. 492,Amandamouth,Pennsylvania,Other,B-
Hannah,Dennis,39,717 Robinson Prairie,Apt. 878,East Elizabethville,North Carolina,Female,AB-
Michael,Cooke,71,75550 Long Vista,Apt. 944,Novakbury,Minnesota,Male,AB+
Jennifer,Sanchez,13,0487 Kenneth Plaza,Suite 606,Jenniferhaven,Nebraska,Female,A-
Christopher,Valdez,26,85184 Bradley Valley,Apt. 513,Kristenton,Nevada,Other,O-
Ronald,Cuevas,43,26045 Elizabeth Vista,Apt. 789,East Jamie,Colorado,Male,O-
Oscar,Henry,58,694 Brady Bridge,Apt. 705,Phillipfurt,New Mexico,Other,B+
Bethany,Herring,56,1113 Suzanne View,Apt. 803,West Alison,Indiana,Other,AB+
April,Smith,80,33445 Gina Knoll,Suite 669,New Carriemouth,Kentucky,Male,O-
Mary,Moore,58,17392 Christopher Alley,Apt. 883,South Staceyshire,Nebraska,Female,AB-
Jodi,Taylor,27,1559 Taylor Fork,Apt. 699,Juanmouth,Maine,Female,A+
Toni,Fuller,56,8246 Miles Summit,Apt. 013,Barryville,Nebraska,Male,O+
Andrew,Rogers,74,99672 Wall Ramp,Apt. 282,New Angelafort,Nevada,Female,O-
Tiffany,Richardson,80,411 Welch Wells,Apt. 947,South Matthewfort,Maine,Other,O-
David,Martin,45,78544 Collin Locks,Apt. 692,West Caroline,Michigan,Other,B-
Andre,King,51,08092 Mendoza Haven,Suite 526,North Jamie,Arkansas,Other,O+
Samantha,Valentine,69,3749 Michael Way,Apt. 329,Sethmouth,Oregon,Male,O+
Jasmine,Schneider,38,6635 Kenneth Club,Apt. 723,Hallburgh,Maryland,Male,O+
Adam,Bruce,31,2515 Brewer Shore,Suite 781,South Dannystad,Vermont,Female,B-
Tracy,Jones,31,51386 Williams Spur,Apt. 543,Lake Seanmouth,Wyoming,Male,AB+
Bruce,Atkins,59,06668 Julia Vista,Suite 500,Allisonland,Nevada,Other,AB-
Timothy,Anderson,26,18083 Jerry Lodge,Suite 762,Stevensonhaven,Minnesota,Male,A+
Emily,Wagner,59,32317 Smith Spur,Suite 689,Watkinshaven,Utah,Other,AB-
Brandy,Dorsey,38,957 Arroyo Skyway,Apt. 411,Sharonhaven,Louisiana,Other,AB-
Tiffany,Rice,12,15922 Jones Throughway,Suite 397,Ballville,Rhode Island,Male,O+
Charles,Castro,14,112 Salas Haven,Apt. 141,East Amanda,Delaware,Female,B+
Elizabeth,Rice,27,6537 Jay Extension,Apt. 539,Lake Coreystad,Pennsylvania,Other,A-
Brenda,Stewart,54,5957 Reed Plaza,Suite 042,South Anthonyfurt,Tennessee,Female,AB-
Gloria,Oneal,59,105 Roger Wall,Apt. 332,South Frank,Rhode Island,Other,A+
Leslie,Lozano,75,04550 William Neck,Apt. 543,East Michaelchester,North Dakota,Male,A+
Brittany,Rivera,61,5981 Anderson Garden,Apt. 313,Port Andrew,Montana,Female,A+
Michael,Franklin,49,5341 Lee Mission,Apt. 583,Lisashire,Alabama,Female,AB+
Trevor,Rich,47,9326 Melissa Estates,Apt. 423,New Sarahburgh,Tennessee,Male,O+
Jennifer,Warren,11,9154 Michele Square,Suite 687,Susanburgh,Alaska,Male,A+
Kimberly,Rodriguez,79,7493 Rachel Light,Apt. 942,West Denise,Mississippi,Male,A-
Thomas,Ritter,22,6549 Alexander Crest,Apt. 533,Port Dennis,Minnesota,Other,O+
Anthony,Mitchell,36,3499 Michelle Park,Suite 029,Vazquezchester,South Dakota,Other,B-
Douglas,Wood,78,093 Lee River,Suite 900,Ericamouth,Connecticut,Female,AB+
Loretta,Kelly,28,15249 Anderson Circle,Apt. 237,Evansmouth,Alabama,Other,B-
Eric,Hall,49,8634 Shannon Dam,Suite 915,North Robertberg,Iowa,Other,B-
Caitlin,Holder,15,26862 Gloria Bridge,Apt. 804,Barbaramouth,Minnesota,Female,B-
Christine,Mitchell,29,73691 Harrington Lock,Suite 214,Port Keithmouth,Florida,Other,B-
Christopher,Williams,54,73090 Navarro Forges,Apt. 880,West Keith,Kansas,Other,B-
Monica,Velez,45,71826 Potter Crescent,Apt. 171,West Peggy,Nevada,Other,O-
Brittany,Stanley,62,6809 Henderson Brook,Suite 021,Port Sharonside,Missouri,Other,B+
Alexis,Salazar,17,324 Christina Rapid,Apt. 422,Amberborough,Wyoming,Other,O-
Marcus,Guzman,76,6206 Sean Prairie,Suite 498,Perrymouth,Indiana,Other,AB+
Linda,Rodriguez,65,55323 Jeffery Locks,Apt. 277,Sandovalville,Idaho,Other,O+
Jason,Abbott,21,63317 Mathis Trace,Suite 395,Melindafort,Tennessee,Other,A-
Marie,Murphy,52,1701 Cain Camp,Suite 280,Port Laura,Maryland,Male,A+
Colleen,Shelton,74,760 Taylor Camp,Suite 669,New Jeremy,Georgia,Female,B+
Jodi,Wells,19,048 Robin Circles,Apt. 291,North Rachel,Wyoming,Male,B-
Richard,Nash,59,97318 Reyes Canyon,Suite 066,Matthewton,Montana,Male,AB-
Christy,Vasquez,57,182 Jack Shoals,Suite 708,Lake Melissa,West Virginia,Female,B-
Joseph,Soto,24,25798 Walker Parkways,Apt. 404,Lake Wesley,Louisiana,Female,O-
Brooke,Allison,38,03569 Mary Junctions,Suite 421,West Donnahaven,Minnesota,Other,O+
Regina,Evans,25,593 Miranda Lock,Apt. 352,South Shawn,Pennsylvania,Male,O-
Richard,Edwards,60,868 Veronica Key,Suite 174,Cruzberg,Oregon,Male,O-
Nathan,Vaughn,15,7243 Johnson Ferry,Suite 906,Christopherbury,Florida,Other,O+
Samantha,Delgado,15,011 Jeffery Prairie,Suite 794,Brownside,Oregon,Other,B-
Kayla,Oconnor,54,4513 Clark Corners,Apt. 562,New Richardshire,Kansas,Other,B+
Gary,Fowler,28,3762 Roy Summit,Apt. 998,Kennethton,New Mexico,Other,A+
Nancy,Moran,78,5289 Mackenzie Camp,Suite 435,East Jessicaview,Michigan,Female,B+
Ann,Ashley,45,5471 Timothy Key,Suite 621,North Tammystad,Missouri,Other,O-
Curtis,Baxter,21,253 Patrick Route,Apt. 540,West Keithfort,Washington,Male,AB-
Hannah,Morris,23,3410 Kane Courts,Suite 871,South Josephside,Michigan,Male,B+
Jose,Church,43,06979 Fleming Extensions,Suite 528,New Nancychester,Hawaii,Female,B-
Katherine,Christensen,57,42817 Welch Heights,Apt. 016,Sarahborough,Wisconsin,Male,AB-
Christopher,Cherry,12,760 Perez Locks,Suite 684,Jeremyburgh,Nebraska,Female,O+
William,Castillo,56,0074 Perry Mountain,Suite 348,Austinville,Washington,Other,B+
Marcus,Hughes,20,199 Victor River,Apt. 593,East Ericastad,Wisconsin,Other,O-
Valerie,Perry,42,4377 Jessica Vista,Apt. 626,North Leslieshire,Texas,Other,B-
Christine,Thompson,74,8510 Donna Causeway,Apt. 786,Jacksonstad,Oklahoma,Male,B-
Robert,Valdez,39,293 Jason Coves,Apt. 278,Freemanville,New Jersey,Male,AB+
Albert,Phillips,71,6833 Preston Isle,Suite 011,North Reneehaven,Texas,Other,AB-
Brian,Olson,24,335 Clark Well,Apt. 743,Nataliehaven,Maryland,Female,O+
Anthony,Lopez,27,67238 Oneill Branch,Suite 053,Lake Dylantown,Arizona,Other,AB-
Brianna,Smith,72,1539 Williams Loop,Suite 829,New Michael,Tennessee,Male,O-
Christopher,Copeland,49,896 Gilmore Manors,Apt. 837,Brandonburgh,Louisiana,Other,B+
Kathleen,Michael,49,5069 Rowland Key,Apt. 884,South Rachel,Florida,Other,O+
Diana,Clayton,72,9735 Black Landing,Suite 492,Hahnland,Iowa,Other,B-
Steven,Solis,65,87172 Robinson Estate,Apt. 104,Matatown,Utah,Female,AB+
Justin,Winters,41,975 White Highway,Apt. 331,West Bobbyport,Maine,Other,AB-
Alexander,Smith,60,869 Timothy Village,Apt. 759,South Tina,Minnesota,Other,B+
John,Santos,66,8662 Angela Lake,Suite 522,Fernandezhaven,Massachusetts,Female,AB+
Travis,Wright,80,718 Taylor Overpass,Suite 996,Brownborough,Massachusetts,Female,A+
Jessica,Hall,32,9327 Browning Groves,Apt. 418,East Cassandra,Washington,Male,A+
Marc,Castillo,59,949 Olsen Camp,Apt. 599,South Jacquelinemouth,Alaska,Other,O-
Samuel,Mcdonald,33,631 Jonathan Dale,Apt. 629,New David,Rhode Island,Other,AB-
Zachary,Gallegos,80,7705 Stephen Row,Suite 862,Hartchester,Nevada,Female,AB-
Debra,Wilson,10,9704 Joanna Springs,Apt. 956,Jeffreyborough,Wisconsin,Female,O-
Aaron,Choi,49,78189 Melissa Land,Suite 771,Clarkborough,Indiana,Female,B+
Shelby,Massey,80,701 Irwin Station,Apt. 609,Lake Mitchellborough,Missouri,Other,B+
Autumn,Matthews,62,98300 Virginia Divide,Apt. 654,Sherrymouth,South Dakota,Male,O-
Jose,Page,49,554 David Drives,Suite 312,New Courtney,California,Female,AB-
Mark,French,73,132 Craig Drive,Apt. 890,Lake Valerie,Maryland,Female,A-
Michael,Lopez,35,38762 Cunningham Cove,Apt. 523,South Davidbury,Maryland,Female,AB+
Jennifer,Spencer,77,3705 Jacob Plains,Suite 378,Port Jamesport,Kansas,Other,B+
Matthew,Smith,16,7802 Molina Mission,Suite 439,East Russell,Delaware,Other,A-
John,Gardner,30,3707 White Path,Suite 367,East Richard,North Dakota,Other,A+
Sara,Peters,64,802 Grace Vista,Apt. 026,New Joseville,Rhode Island,Male,O+
Mary,Morales,23,5551 Christopher Groves,Apt. 161,Murillofort,Nevada,Female,O-
Alexander,King,49,8611 Todd Station,Suite 135,Thomashaven,Missouri,Male,B-
Kevin,Perry,75,15513 Nancy Villages,Suite 739,Wheelerview,New Hampshire,Male,A+
Sandra,Rogers,23,2698 Edward Cliff,Suite 003,Hoodview,Alaska,Female,A+
Elizabeth,Johnson,65,6548 Shawn Centers,Suite 994,Ashleyton,Washington,Other,O-
Lisa,Hensley,27,6014 Myers Mission,Suite 216,Robertsside,Massachusetts,Female,O+
Stephanie,King,71,587 Roy Ridge,Suite 973,Kristinhaven,South Dakota,Female,O+
Chris,Tucker,73,70158 Wilkinson Ferry,Apt. 731,Anashire,New York,Female,AB+
David,Sanders,60,12765 Flynn Green,Apt. 526,Taylorfort,Delaware,Female,AB+
Adam,Conner,34,5214 Thomas Gardens,Apt. 415,New Aaronfort,Indiana,Other,A-
Jimmy,Miller,48,92740 Linda Crescent,Suite 443,West Gloria,Virginia,Other,O-
Monica,Mckenzie,33,94636 Richardson Plaza,Apt. 379,Karenshire,Connecticut,Male,B+
Erin,Martin,10,218 Collins Shore,Suite 801,Victorland,Massachusetts,Female,O+
David,Jenkins,43,17594 Jennifer Summit,Suite 228,Arellanohaven,Alaska,Male,B-
Kirsten,Mann,11,143 Richard Ramp,Suite 222,Michaelside,Nebraska,Male,O-
Jennifer,Vasquez,50,37109 Jessica Valleys,Suite 315,New Michaelside,Michigan,Female,O+
Timothy,Rivera,51,440 Roy Lakes,Apt. 250,North John,New Jersey,Male,B-
Mark,Smith,19,95668 Bond Crescent,Suite 710,Martinezmouth,Kansas,Female,O+
Candace,Lewis,78,1351 Jimenez Alley,Suite 383,North Danielton,Kansas,Female,O+
Sarah,Cruz,25,421 Jones Parks,Apt. 861,North Vanessashire,Iowa,Male,B-
Hannah,George,73,990 Wilson Roads,Apt. 963,Thompsonmouth,New Hampshire,Other,B-
Shannon,Harris,47,61196 Diana Oval,Apt. 212,Richardsonfurt,Arkansas,Female,O+
Angela,Burton,63,045 Kathryn Prairie,Suite 893,Kennethside,Georgia,Female,O+
David,Craig,34,2063 Allen Garden,Suite 439,West Davidport,Idaho,Other,B-
Cynthia,Hartman,18,964 Donald Orchard,Suite 426,Brandonberg,Oklahoma,Female,A-
Alan,Martin,73,93947 Davis Pike,Suite 848,Powellburgh,Indiana,Male,B-
Mary,Riggs,22,01549 Christopher Radial,Suite 316,East Davidland,Oregon,Male,B-
Stephanie,Chavez,40,01674 Rachael Fort,Apt. 419,Amandamouth,Arkansas,Female,A+
Monica,Stewart,52,27383 Everett Hill,Suite 651,Johnsonview,Connecticut,Female,B+
Mallory,Silva,47,4549 Ferguson Rapid,Suite 664,Amandaview,Hawaii,Male,AB-
Chad,Hall,63,202 Walker Terrace,Apt. 592,Samuelville,Wisconsin,Other,A-
Caroline,Cruz,11,1645 Gilbert Circles,Apt. 961,Port Kathrynview,New York,Male,AB-
Nicole,Lewis,49,49251 Donna Expressway,Apt. 235,North Elizabethberg,Minnesota,Female,AB+
Rachel,Bates,37,50063 Christine Ports,Suite 957,Donnachester,Virginia,Female,O+
Alexis,Morgan,14,26420 Torres Summit,Apt. 252,Cartermouth,Oregon,Other,A+
Jeffrey,Rodriguez,40,625 Nicholas Valley,Apt. 770,West Scottstad,Mississippi,Other,A-
Alexa,Gordon,33,2689 Roger Terrace,Suite 317,South Kelly,Utah,Other,O+
Kyle,Davis,52,14516 Jennifer Meadow,Suite 207,Lake Michael,California,Other,AB+
Justin,Daniels,65,7455 Julia Manors,Suite 702,Danielchester,Virginia,Male,A+
Pam,Carpenter,32,307 Wright Drives,Suite 455,West Eric,Ohio,Other,O+
Chloe,Miller,16,8236 Pratt Road,Apt. 430,East Patrickstad,Michigan,Male,B-
Carlos,Singh,42,8843 Morgan Center,Suite 035,Joshuaside,Missouri,Other,AB-
Melanie,Walsh,59,1146 Geoffrey Roads,Suite 726,Lake Matthew,Washington,Male,AB-
Andrea,Woods,22,8330 Hutchinson Islands,Suite 296,Matthewsshire,New Hampshire,Male,AB-
Angelica,Newton,24,9248 Robinson Prairie,Apt. 525,New Brandy,Tennessee,Female,O+
Ashley,Molina,43,6099 Kimberly Pike,Apt. 483,North Steven,New Mexico,Male,A+
Lisa,Garcia,57,8652 Jesse Spur,Apt. 864,Jeremybury,South Dakota,Female,B-
Gabriel,Porter,28,32422 Allen Drive,Suite 782,Port Stephenside,Nevada,Other,AB-
Felicia,Conley,62,24149 Rodriguez Island,Apt. 530,Jordantown,Delaware,Other,A-
Patricia,Johnson,59,91163 Frost Circles,Suite 214,North Davidside,Iowa,Female,O+
Steven,Newton,50,2351 Perez Freeway,Suite 413,Port Victoria,Texas,Other,B+
Oscar,Parker,66,218 Samuel Estate,Apt. 713,Randallborough,Virginia,Male,AB+
Rhonda,Clements,57,321 Diane Forges,Apt. 677,North Paulberg,Pennsylvania,Female,A-
Becky,Murphy,60,089 Karen Cape,Apt. 110,Heatherberg,West Virginia,Female,O-
Adam,Thompson,48,772 Mark Station,Apt. 165,New Shannon,Oklahoma,Other,O+
David,Higgins,67,1523 Vaughan Streets,Suite 421,North Debraville,Vermont,Female,AB-
Rebecca,Harris,72,129 Ashley Fall,Suite 437,West Devinport,Nevada,Other,B-
Robert,Frost,62,7371 Haynes Prairie,Suite 639,Nicholeton,Idaho,Male,A-
James,Brennan,19,8493 Michelle Spur,Apt. 714,Carlyside,Massachusetts,Male,AB+
Megan,Ellison,24,0390 Jennifer Oval,Suite 133,West Anthonyton,Hawaii,Female,A-
Leah,Johnson,39,410 Theresa Streets,Apt. 354,New Joseph,Delaware,Other,A+
Andrew,Horton,78,03185 Flores Branch,Apt. 842,South Jasonhaven,Montana,Other,O-
Annette,Vega,69,92883 Manuel Spurs,Apt. 595,Lake Tom,Colorado,Male,A+
Michael,Melendez,28,9928 Perez Island,Suite 753,North Michelleport,Delaware,Female,AB+
Diana,Smith,40,96645 Johnny Spurs,Suite 182,Westmouth,Connecticut,Female,B-
Andrea,Lopez,43,2231 Wesley Viaduct,Suite 340,Jessicaberg,Arkansas,Male,A-
Christopher,Kane,32,28784 Rose Key,Apt. 408,Lake Robert,Illinois,Female,B+
Jonathan,Kramer,39,44191 Andrew Spur,Apt. 762,North Samuel,Minnesota,Other,B-
Kevin,Martin,23,97155 David Well,Suite 577,Rhondaside,New Jersey,Male,O-
Kayla,Vega,37,507 Guerrero Lights,Apt. 647,Benjaminfurt,Illinois,Other,O-
Erica,Rose,66,795 Robertson Wall,Apt. 688,North Brent,Idaho,Female,B+
Dwayne,Bishop,36,3009 Tran Estates,Apt. 939,Hooperberg,North Dakota,Other,A-
Lisa,Chen,67,352 Seth Hill,Suite 904,Ramirezside,Kansas,Female,AB-
Steven,Hicks,61,47599 Reynolds Turnpike,Suite 502,Port Ricardohaven,Kansas,Male,A-
Aaron,Rodriguez,31,76818 Ashley Forest,Apt. 373,Norrisberg,New Hampshire,Other,O-
Ana,Henderson,38,05932 John Mall,Suite 465,Alexandermouth,West Virginia,Other,B+
Samantha,Murphy,78,60265 Joseph Ports,Apt. 699,Lake Coreytown,New Mexico,Male,O+
Christopher,Allen,19,95871 Pham Rapids,Suite 115,West Carl,Washington,Male,O-
Christopher,Chung,80,1969 Villanueva Fall,Suite 235,West Sherrifurt,Maryland,Male,O-
Jody,Sutton,67,694 Mason Isle,Apt. 392,Jenniferfort,California,Female,O+
Vanessa,Erickson,10,281 Sydney Skyway,Suite 644,South Williamberg,New Hampshire,Other,B-
Brett,Holland,22,073 Patrick Drive,Apt. 906,East Sarah,Michigan,Male,AB-
Steven,Decker,68,05144 Dawn Run,Apt. 680,New Michaelburgh,Mississippi,Female,A+
Becky,Obrien,40,36202 Bautista Plain,Suite 873,New Richard,Mississippi,Other,A-
Christopher,Spencer,58,708 Emily Trace,Suite 557,South Michael,Maryland,Other,A+
Cheryl,Mclean,75,69431 Odonnell Fork,Apt. 108,Stewartberg,South Dakota,Male,AB+
John,Moore,12,3967 Chase Track,Apt. 797,South Cody,Ohio,Other,B+
Gerald,Sherman,45,1743 Long Isle,Suite 211,Mistyberg,South Carolina,Female,A+
Brenda,Hammond,19,278 Palmer Spurs,Suite 035,Lorishire,Hawaii,Male,B-
Ryan,Lang,17,9482 Jessica Pine,Apt. 032,New Davidchester,Arizona,Male,B+
Dennis,Deleon,30,611 Anderson Fork,Apt. 525,Hunterfurt,Massachusetts,Female,B-
Dana,Maldonado,48,0194 Stephanie Lodge,Apt. 380,West Gabriel,Oklahoma,Male,AB+
Andrew,Clay,50,20630 Bryant Harbor,Suite 166,Lake Melissa,New Mexico,Other,AB-
Sandra,Wise,32,02899 Farmer Station,Suite 235,Port Gregorychester,Georgia,Female,B-
Natalie,Berry,53,3187 Jeremiah Inlet,Suite 485,Lake Sherry,Massachusetts,Female,A+
Juan,Swanson,51,4587 Williams Mill,Apt. 921,Russellfort,New York,Male,AB+
Juan,Morales,10,4596 Dillon Point,Apt. 304,North Lisa,Louisiana,Male,AB+
Frank,Riley,66,031 Martinez Fields,Suite 793,East Carol,Arkansas,Male,B-
Jeffery,Edwards,45,9249 David Trail,Apt. 366,South Logan,South Dakota,Other,B+
Jenny,Zamora,55,40870 Torres Islands,Suite 267,East Emma,Massachusetts,Other,B-
Karen,Green,12,63216 Austin Tunnel,Suite 122,Stephanieshire,Washington,Female,O-
Christopher,Scott,74,6404 Christopher Court,Apt. 764,Mejiaport,Utah,Female,A+
Cynthia,Young,62,966 Travis Ridge,Apt. 701,Meyerton,Kansas,Female,B-
Christopher,Pace,31,58573 Mcgee Garden,Apt. 596,Wilsonside,North Carolina,Female,A-
Paul,Moreno,53,20162 Burke Glens,Apt. 995,Lake Julie,Kansas,Male,B-
Jennifer,Mckay,39,04165 Gilbert Lights,Apt. 283,New Loganville,New York,Male,AB+
Danielle,Navarro,18,6978 Little Manor,Suite 336,Martinezside,Virginia,Male,O-
Gary,Davis,78,8228 Samantha Knoll,Suite 144,North Julia,New Hampshire,Female,AB+
Suzanne,Castaneda,16,1537 Brandon Shoal,Apt. 444,South Mollyshire,Massachusetts,Male,B+
Michael,Lynch,76,9498 Young View,Suite 099,South Denise,West Virginia,Male,O+
John,Hawkins,70,19433 Kerr Crest,Suite 239,New Meganfurt,South Carolina,Male,O-
Ryan,Miller,33,980 Savannah Rest,Apt. 596,New Kyleport,Missouri,Male,O-
Daniel,Stewart,46,8901 Linda Lock,Apt. 440,Port Steve,Illinois,Female,AB-
Michael,Nelson,66,14405 Andrew Roads,Apt. 482,Jaredborough,Colorado,Other,AB-
Alice,Floyd,35,00376 Garcia Union,Suite 715,Johnstad,Tennessee,Male,A+
Maria,Mcdaniel,13,534 Denise Square,Apt. 099,West Allison,Nebraska,Female,A-
Stephanie,Rivera,48,50587 Sara Neck,Apt. 085,Port Ericmouth,Alaska,Female,O+
Courtney,Odom,56,754 Allison Plain,Suite 311,Lake Tonyaport,Colorado,Other,B-
Jeremy,Thomas,80,7064 Kirk Spur,Apt. 204,Westburgh,Florida,Female,AB-
Ashley,Sims,19,55526 Justin Route,Suite 050,West Johnborough,Nebraska,Male,AB-
Paige,Cooper,24,4651 Mcintosh Shoal,Apt. 596,Lake Emilymouth,Minnesota,Other,AB+
Amanda,Gordon,62,449 Johnson Court,Apt. 287,New Jay,Alabama,Female,A+
Carolyn,Long,37,9680 Katherine Spring,Suite 662,Gonzalezport,Arkansas,Female,B-
James,Kim,42,612 Michael Alley,Apt. 946,Ericksonfort,Utah,Male,B-
Katie,Bishop,36,168 Lisa Centers,Apt. 363,Victoriaton,Tennessee,Male,A-
John,Holloway,25,90449 Holmes Canyon,Apt. 914,North Rebecca,Louisiana,Other,O+
Brittany,Young,47,17037 Hernandez Island,Suite 865,Austinview,Indiana,Other,A-
Jeffrey,Woods,51,139 Mathis Harbors,Apt. 791,Adrianside,West Virginia,Female,A+
Michelle,Thomas,77,3994 Santana Rue,Suite 273,Garyfort,Wisconsin,Other,B+
Jason,Wilson,66,91792 Jennifer Canyon,Suite 768,Lake Misty,South Carolina,Other,B+
Rebekah,Gordon,18,419 Craig Rue,Apt. 546,South Johnstad,Indiana,Male,O-
David,Nash,26,84207 Soto Ridge,Suite 762,Hoganville,Florida,Other,AB+
Linda,Williams,33,26733 Lisa Squares,Suite 902,Richardberg,Florida,Other,O+
Gary,Jennings,33,3843 John Motorway,Apt. 881,North Jason,West Virginia,Other,B-
Nicholas,Boyle,41,3639 Roger Garden,Apt. 889,North Markton,Iowa,Other,O-
Michele,Garcia,15,411 Day Tunnel,Apt. 948,Adrianabury,Georgia,Female,A+
Charles,Santos,53,004 Michael Locks,Apt. 042,Matthewshire,South Carolina,Female,A+
Matthew,Choi,77,34747 Joshua Stream,Apt. 500,West Roy,Georgia,Female,A-
Kathleen,Wright,18,196 Smith Station,Suite 244,Port Katelynhaven,Georgia,Female,B-
Rodney,Bryant,33,12315 Lutz Path,Apt. 962,Blackmouth,North Dakota,Male,B+
Barry,Hendrix,73,989 Elizabeth Keys,Suite 979,Wilsonfurt,Kansas,Male,O+
Heidi,Levine,49,578 Jeffrey Courts,Apt. 660,East Angelachester,New Hampshire,Male,B+
James,Johnson,13,916 Steven Spring,Suite 360,Cunninghammouth,New Jersey,Female,B+
Jason,Wu,53,440 Murray Bypass,Suite 774,Harrisfort,Hawaii,Other,AB-
Paige,Richards,60,070 Soto Ports,Suite 717,Port Monicachester,North Dakota,Female,AB+
Olivia,Serrano,43,76540 Isaiah Islands,Suite 303,Leonardmouth,California,Male,O-
Haley,Moreno,57,071 Ford Parkway,Suite 218,West Samanthafort,Michigan,Female,A+
Matthew,Maddox,11,460 Reese Oval,Apt. 403,South Angelaville,Wyoming,Male,O-
Laura,Liu,26,75443 Vaughan Points,Suite 483,East Laurenside,Arkansas,Female,AB+
William,Wood,22,883 Robert Trace,Suite 818,Phamfort,Idaho,Female,O+
Cynthia,Farmer,35,04661 Brandon Row,Apt. 408,West Emilyhaven,Nebraska,Female,B+
Jessica,Miles,11,36475 Anthony Vista,Suite 182,East Michaelberg,New Mexico,Male,B+
Veronica,Huerta,18,564 Gordon Crescent,Apt. 856,South Anita,Florida,Female,AB-
Audrey,Johnson,50,673 Sean Branch,Suite 941,Jasonstad,West Virginia,Other,AB-
Megan,Curtis,20,46623 Thompson Port,Suite 188,Boyletown,Iowa,Female,A+
Gary,Cooper,60,40478 Lisa Port,Suite 016,Fishershire,Kansas,Female,AB-
Grant,Long,43,59848 Wagner Route,Suite 187,Lake Richardton,Pennsylvania,Other,O+
Tammy,Johnson,77,49248 Carla Parkway,Apt. 133,Johnview,Pennsylvania,Other,AB+
Andrew,Kim,52,55809 Mcgee Hill,Suite 826,Lake Bruce,Tennessee,Male,AB+
Charles,Tran,35,5611 Melissa Orchard,Suite 751,Amyfurt,Texas,Female,AB-
Sarah,Phillips,69,76661 Olson Forge,Apt. 739,Meganhaven,Georgia,Female,A+
Jessica,Ingram,12,2892 Bailey Lake,Suite 292,Dianeland,West Virginia,Female,B+
Jacqueline,Bradley,35,7536 Brown Mill,Apt. 489,South Dylan,Connecticut,Male,A-
Kevin,Mccarty,24,93793 Green Knoll,Suite 216,Donovanstad,Wyoming,Other,B-
Robin,Charles,79,974 Chelsea Expressway,Suite 083,Petersonhaven,Illinois,Female,B-
Jennifer,Booth,52,1989 Durham Estate,Suite 546,East Brendanside,West Virginia,Other,A+
Tristan,Richardson,60,6011 Berry Ville,Suite 308,Janetton,Colorado,Female,B+
Angela,Perkins,78,07245 Charles Burg,Suite 040,West Amberfort,Alaska,Other,O+
Justin,Anderson,11,65398 Michelle Green,Apt. 377,South Sethbury,Maine,Male,A-
Heather,Peterson,34,2420 Cynthia Shoals,Apt. 813,West Matthew,West Virginia,Other,A+
Sergio,Sanders,54,99714 Marilyn Station,Suite 147,Brooksborough,Connecticut,Female,O-
Crystal,Davis,23,3976 Stacie Inlet,Apt. 450,Jesseshire,Rhode Island,Female,B+
Cassidy,Davis,20,094 Thompson Manors,Apt. 102,East Tiffanystad,Georgia,Female,O-
Jennifer,Cooke,23,741 Hart Plaza,Apt. 681,Hesterfurt,Vermont,Male,AB+
Renee,Thornton,61,389 Perez Village,Suite 772,North Kenneth,Missouri,Other,O+
Stephanie,Allen,54,294 Lori Drive,Suite 146,Gordonmouth,New Hampshire,Other,O-
Tammy,Perez,36,7443 Flores Vista,Apt. 105,New Warrenside,Minnesota,Female,B-
Heather,Horn,42,8815 Marshall Camp,Apt. 955,Margarettown,Virginia,Male,A-
Sheri,Owen,39,4228 Jennifer Point,Suite 218,North Jacob,Oregon,Other,A-
